driver,lap_number,lap_time,sector_1,sector_2,sector_3,compound,tyre_life,stint,track_status,is_pit_out_lap,is_pit_in_lap,position,year,race
VER,1.0,99.019,,42.414,23.842,SOFT,4.0,1.0,12,False,False,1.0,2023,Bahrain
VER,2.0,97.974,31.342,42.504,24.128,SOFT,5.0,1.0,12,False,False,1.0,2023,Bahrain
VER,3.0,98.006,31.388,42.469,24.149,SOFT,6.0,1.0,1,False,False,1.0,2023,Bahrain
VER,4.0,97.976,31.271,42.642,24.063,SOFT,7.0,1.0,1,False,False,1.0,2023,Bahrain
VER,5.0,98.035,31.244,42.724,24.067,SOFT,8.0,1.0,1,False,False,1.0,2023,Bahrain
VER,6.0,97.986,31.341,42.632,24.013,SOFT,9.0,1.0,1,False,False,1.0,2023,Bahrain
VER,7.0,98.021,31.29,42.763,23.968,SOFT,10.0,1.0,1,False,False,1.0,2023,Bahrain
VER,8.0,98.154,31.291,42.833,24.03,SOFT,11.0,1.0,1,False,False,1.0,2023,Bahrain
VER,9.0,98.278,31.336,42.823,24.119,SOFT,12.0,1.0,1,False,False,1.0,2023,Bahrain
VER,10.0,98.369,31.361,42.884,24.124,SOFT,13.0,1.0,1,False,False,1.0,2023,Bahrain
VER,11.0,98.483,31.342,42.978,24.163,SOFT,14.0,1.0,1,False,False,1.0,2023,Bahrain
VER,12.0,98.591,31.408,42.951,24.232,SOFT,15.0,1.0,1,False,False,1.0,2023,Bahrain
VER,13.0,98.482,31.389,42.907,24.186,SOFT,16.0,1.0,1,False,False,1.0,2023,Bahrain
VER,14.0,101.295,31.427,42.876,26.992,SOFT,17.0,1.0,1,False,True,1.0,2023,Bahrain
VER,15.0,118.378,51.854,42.629,23.895,SOFT,1.0,2.0,1,True,False,2.0,2023,Bahrain
VER,16.0,97.801,31.209,42.711,23.881,SOFT,2.0,2.0,1,False,False,2.0,2023,Bahrain
VER,17.0,97.648,31.17,42.623,23.855,SOFT,3.0,2.0,1,False,False,2.0,2023,Bahrain
VER,18.0,97.614,31.211,42.569,23.834,SOFT,4.0,2.0,1,False,False,1.0,2023,Bahrain
VER,19.0,97.712,31.243,42.608,23.861,SOFT,5.0,2.0,1,False,False,1.0,2023,Bahrain
VER,20.0,97.788,31.186,42.766,23.836,SOFT,6.0,2.0,1,False,False,1.0,2023,Bahrain
VER,21.0,97.582,31.168,42.572,23.842,SOFT,7.0,2.0,1,False,False,1.0,2023,Bahrain
VER,22.0,97.651,31.224,42.548,23.879,SOFT,8.0,2.0,1,False,False,1.0,2023,Bahrain
VER,23.0,97.552,31.153,42.514,23.885,SOFT,9.0,2.0,1,False,False,1.0,2023,Bahrain
VER,24.0,97.387,31.145,42.398,23.844,SOFT,10.0,2.0,1,False,False,1.0,2023,Bahrain
VER,25.0,97.372,31.145,42.344,23.883,SOFT,11.0,2.0,1,False,False,1.0,2023,Bahrain
VER,26.0,97.682,31.213,42.533,23.936,SOFT,12.0,2.0,1,False,False,1.0,2023,Bahrain
VER,27.0,97.379,31.079,42.349,23.951,SOFT,13.0,2.0,1,False,False,1.0,2023,Bahrain
VER,28.0,97.651,31.112,42.554,23.985,SOFT,14.0,2.0,1,False,False,1.0,2023,Bahrain
VER,29.0,97.571,31.045,42.533,23.993,SOFT,15.0,2.0,1,False,False,1.0,2023,Bahrain
VER,30.0,97.549,31.185,42.443,23.921,SOFT,16.0,2.0,1,False,False,1.0,2023,Bahrain
VER,31.0,97.431,31.04,42.464,23.927,SOFT,17.0,2.0,1,False,False,1.0,2023,Bahrain
VER,32.0,97.691,31.139,42.523,24.029,SOFT,18.0,2.0,1,False,False,1.0,2023,Bahrain
VER,33.0,97.686,31.112,42.505,24.069,SOFT,19.0,2.0,1,False,False,1.0,2023,Bahrain
VER,34.0,97.839,31.129,42.615,24.095,SOFT,20.0,2.0,1,False,False,1.0,2023,Bahrain
VER,35.0,97.85,31.211,42.5,24.139,SOFT,21.0,2.0,1,False,False,1.0,2023,Bahrain
VER,36.0,100.964,31.35,42.582,27.032,SOFT,22.0,2.0,1,False,True,1.0,2023,Bahrain
VER,37.0,118.49,52.755,42.071,23.664,HARD,1.0,3.0,1,True,False,1.0,2023,Bahrain
VER,38.0,96.297,31.034,41.772,23.491,HARD,2.0,3.0,1,False,False,1.0,2023,Bahrain
VER,39.0,96.446,30.818,42.125,23.503,HARD,3.0,3.0,1,False,False,1.0,2023,Bahrain
VER,40.0,96.942,31.175,42.247,23.52,HARD,4.0,3.0,1,False,False,1.0,2023,Bahrain
VER,41.0,120.495,31.381,55.533,33.581,HARD,5.0,3.0,126,False,False,1.0,2023,Bahrain
VER,42.0,104.824,38.946,42.174,23.704,HARD,6.0,3.0,671,False,False,1.0,2023,Bahrain
VER,43.0,96.89,31.13,42.295,23.465,HARD,7.0,3.0,1,False,False,1.0,2023,Bahrain
VER,44.0,96.236,30.783,42.005,23.448,HARD,8.0,3.0,1,False,False,1.0,2023,Bahrain
VER,45.0,97.015,31.079,42.221,23.715,HARD,9.0,3.0,1,False,False,1.0,2023,Bahrain
VER,46.0,96.701,31.03,42.003,23.668,HARD,10.0,3.0,1,False,False,1.0,2023,Bahrain
VER,47.0,97.009,31.094,42.205,23.71,HARD,11.0,3.0,1,False,False,1.0,2023,Bahrain
VER,48.0,96.918,31.01,42.199,23.709,HARD,12.0,3.0,1,False,False,1.0,2023,Bahrain
VER,49.0,96.962,31.124,42.026,23.812,HARD,13.0,3.0,1,False,False,1.0,2023,Bahrain
VER,50.0,97.25,31.07,42.375,23.805,HARD,14.0,3.0,1,False,False,1.0,2023,Bahrain
VER,51.0,97.427,31.154,42.202,24.071,HARD,15.0,3.0,1,False,False,1.0,2023,Bahrain
VER,52.0,96.919,31.033,42.133,23.753,HARD,16.0,3.0,1,False,False,1.0,2023,Bahrain
VER,53.0,96.89,30.906,42.217,23.767,HARD,17.0,3.0,1,False,False,1.0,2023,Bahrain
VER,54.0,96.678,30.988,41.938,23.752,HARD,18.0,3.0,1,False,False,1.0,2023,Bahrain
VER,55.0,96.322,30.964,41.747,23.611,HARD,19.0,3.0,1,False,False,1.0,2023,Bahrain
VER,56.0,97.205,31.091,42.27,23.844,HARD,20.0,3.0,1,False,False,1.0,2023,Bahrain
VER,57.0,96.373,30.96,41.763,23.65,HARD,21.0,3.0,1,False,False,1.0,2023,Bahrain
GAS,1.0,109.649,,46.78,25.135,SOFT,1.0,1.0,12,False,False,19.0,2023,Bahrain
GAS,2.0,100.438,31.738,43.938,24.762,SOFT,2.0,1.0,21,False,False,18.0,2023,Bahrain
GAS,3.0,100.643,31.8,44.083,24.76,SOFT,3.0,1.0,1,False,False,18.0,2023,Bahrain
GAS,4.0,100.894,31.514,44.492,24.888,SOFT,4.0,1.0,1,False,False,18.0,2023,Bahrain
GAS,5.0,100.818,31.705,44.192,24.921,SOFT,5.0,1.0,1,False,False,18.0,2023,Bahrain
GAS,6.0,101.11,31.573,44.534,25.003,SOFT,6.0,1.0,1,False,False,18.0,2023,Bahrain
GAS,7.0,101.134,31.604,44.49,25.04,SOFT,7.0,1.0,1,False,False,18.0,2023,Bahrain
GAS,8.0,101.173,31.773,44.275,25.125,SOFT,8.0,1.0,1,False,False,18.0,2023,Bahrain
GAS,9.0,104.201,31.843,44.538,27.82,SOFT,9.0,1.0,1,False,True,19.0,2023,Bahrain
GAS,10.0,121.262,54.574,42.66,24.028,HARD,1.0,2.0,1,True,False,20.0,2023,Bahrain
GAS,11.0,98.762,31.455,43.098,24.209,HARD,2.0,2.0,1,False,False,19.0,2023,Bahrain
GAS,12.0,98.928,31.57,43.066,24.292,HARD,3.0,2.0,1,False,False,17.0,2023,Bahrain
GAS,13.0,99.349,31.744,43.26,24.345,HARD,4.0,2.0,1,False,False,14.0,2023,Bahrain
GAS,14.0,98.859,31.518,43.043,24.298,HARD,5.0,2.0,1,False,False,14.0,2023,Bahrain
GAS,15.0,98.985,31.398,43.252,24.335,HARD,6.0,2.0,1,False,False,14.0,2023,Bahrain
GAS,16.0,98.945,31.514,43.137,24.294,HARD,7.0,2.0,1,False,False,12.0,2023,Bahrain
GAS,17.0,99.011,31.527,43.151,24.333,HARD,8.0,2.0,1,False,False,12.0,2023,Bahrain
GAS,18.0,99.029,31.515,43.068,24.446,HARD,9.0,2.0,1,False,False,12.0,2023,Bahrain
GAS,19.0,99.066,31.571,43.098,24.397,HARD,10.0,2.0,1,False,False,12.0,2023,Bahrain
GAS,20.0,99.017,31.481,43.179,24.357,HARD,11.0,2.0,1,False,False,12.0,2023,Bahrain
GAS,21.0,99.327,31.671,43.328,24.328,HARD,12.0,2.0,1,False,False,12.0,2023,Bahrain
GAS,22.0,99.485,31.609,43.483,24.393,HARD,13.0,2.0,1,False,False,12.0,2023,Bahrain
GAS,23.0,99.263,31.538,43.32,24.405,HARD,14.0,2.0,1,False,False,12.0,2023,Bahrain
GAS,24.0,99.761,31.721,43.505,24.535,HARD,15.0,2.0,1,False,False,12.0,2023,Bahrain
GAS,25.0,102.288,31.613,43.531,27.144,HARD,16.0,2.0,1,False,True,12.0,2023,Bahrain
GAS,26.0,119.404,53.105,42.4,23.899,HARD,1.0,3.0,1,True,False,17.0,2023,Bahrain
GAS,27.0,98.729,31.836,42.851,24.042,HARD,2.0,3.0,1,False,False,15.0,2023,Bahrain
GAS,28.0,97.761,31.006,42.656,24.099,HARD,3.0,3.0,1,False,False,14.0,2023,Bahrain
GAS,29.0,98.012,31.178,42.696,24.138,HARD,4.0,3.0,1,False,False,14.0,2023,Bahrain
GAS,30.0,97.76,30.885,42.716,24.159,HARD,5.0,3.0,1,False,False,13.0,2023,Bahrain
GAS,31.0,97.968,30.971,42.877,24.12,HARD,6.0,3.0,1,False,False,12.0,2023,Bahrain
GAS,32.0,98.012,30.969,42.824,24.219,HARD,7.0,3.0,1,False,False,12.0,2023,Bahrain
GAS,33.0,97.974,30.942,42.828,24.204,HARD,8.0,3.0,1,False,False,11.0,2023,Bahrain
GAS,34.0,98.022,30.947,42.874,24.201,HARD,9.0,3.0,1,False,False,11.0,2023,Bahrain
GAS,35.0,98.088,31.01,42.851,24.227,HARD,10.0,3.0,1,False,False,11.0,2023,Bahrain
GAS,36.0,98.184,31.045,42.821,24.318,HARD,11.0,3.0,1,False,False,11.0,2023,Bahrain
GAS,37.0,98.133,31.117,42.864,24.152,HARD,12.0,3.0,1,False,False,11.0,2023,Bahrain
GAS,38.0,98.108,31.025,42.822,24.261,HARD,13.0,3.0,1,False,False,11.0,2023,Bahrain
GAS,39.0,98.537,31.183,43.08,24.274,HARD,14.0,3.0,1,False,False,11.0,2023,Bahrain
GAS,40.0,109.707,31.156,42.984,35.567,HARD,15.0,3.0,126,False,True,10.0,2023,Bahrain
GAS,41.0,128.544,60.744,44.327,23.473,SOFT,1.0,4.0,671,True,False,10.0,2023,Bahrain
GAS,42.0,95.068,30.069,41.393,23.606,SOFT,2.0,4.0,1,False,False,9.0,2023,Bahrain
GAS,43.0,95.942,30.776,41.677,23.489,SOFT,3.0,4.0,1,False,False,9.0,2023,Bahrain
GAS,44.0,95.792,30.785,41.542,23.465,SOFT,4.0,4.0,1,False,False,9.0,2023,Bahrain
GAS,45.0,96.186,30.874,41.775,23.537,SOFT,5.0,4.0,1,False,False,9.0,2023,Bahrain
GAS,46.0,96.041,30.831,41.707,23.503,SOFT,6.0,4.0,1,False,False,9.0,2023,Bahrain
GAS,47.0,96.12,30.806,41.735,23.579,SOFT,7.0,4.0,1,False,False,9.0,2023,Bahrain
GAS,48.0,96.368,30.909,41.693,23.766,SOFT,8.0,4.0,1,False,False,9.0,2023,Bahrain
GAS,49.0,96.803,31.008,42.102,23.693,SOFT,9.0,4.0,1,False,False,9.0,2023,Bahrain
GAS,50.0,96.551,30.972,41.874,23.705,SOFT,10.0,4.0,1,False,False,9.0,2023,Bahrain
GAS,51.0,96.635,30.941,41.896,23.798000000000002,SOFT,11.0,4.0,1,False,False,9.0,2023,Bahrain
GAS,52.0,96.891,30.878,42.136,23.877,SOFT,12.0,4.0,1,False,False,9.0,2023,Bahrain
GAS,53.0,96.979,30.964,42.046,23.969,SOFT,13.0,4.0,1,False,False,9.0,2023,Bahrain
GAS,54.0,97.222,31.101,42.251,23.87,SOFT,14.0,4.0,1,False,False,9.0,2023,Bahrain
GAS,55.0,97.559,31.1,42.422,24.037,SOFT,15.0,4.0,1,False,False,9.0,2023,Bahrain
GAS,56.0,97.845,31.196,42.539,24.11,SOFT,16.0,4.0,1,False,False,9.0,2023,Bahrain
GAS,57.0,98.147,31.26,42.631,24.256,SOFT,17.0,4.0,1,False,False,9.0,2023,Bahrain
PER,1.0,101.063,,43.216,24.069,SOFT,4.0,1.0,12,False,False,3.0,2023,Bahrain
PER,2.0,98.862,31.532,43.116,24.214,SOFT,5.0,1.0,21,False,False,3.0,2023,Bahrain
PER,3.0,98.83,31.397,43.146,24.287,SOFT,6.0,1.0,1,False,False,3.0,2023,Bahrain
PER,4.0,98.758,31.404,43.108,24.246,SOFT,7.0,1.0,1,False,False,3.0,2023,Bahrain
PER,5.0,98.404,31.231,42.944,24.229,SOFT,8.0,1.0,1,False,False,3.0,2023,Bahrain
PER,6.0,98.718,31.276,43.043,24.399,SOFT,9.0,1.0,1,False,False,3.0,2023,Bahrain
PER,7.0,98.804,31.214,43.174,24.416,SOFT,10.0,1.0,1,False,False,3.0,2023,Bahrain
PER,8.0,99.172,31.58,43.193,24.399,SOFT,11.0,1.0,1,False,False,3.0,2023,Bahrain
PER,9.0,98.914,31.464,43.077,24.373,SOFT,12.0,1.0,1,False,False,3.0,2023,Bahrain
PER,10.0,99.085,31.434,43.27,24.381,SOFT,13.0,1.0,1,False,False,3.0,2023,Bahrain
PER,11.0,99.249,31.632,43.188,24.429,SOFT,14.0,1.0,1,False,False,3.0,2023,Bahrain
PER,12.0,99.197,31.527,43.252,24.418,SOFT,15.0,1.0,1,False,False,3.0,2023,Bahrain
PER,13.0,99.336,31.57,43.298,24.468,SOFT,16.0,1.0,1,False,False,2.0,2023,Bahrain
PER,14.0,98.739,31.411,42.993,24.335,SOFT,17.0,1.0,1,False,False,2.0,2023,Bahrain
PER,15.0,98.608,31.441,42.89,24.277,SOFT,18.0,1.0,1,False,False,1.0,2023,Bahrain
PER,16.0,98.77,31.469,43.019,24.282,SOFT,19.0,1.0,1,False,False,1.0,2023,Bahrain
PER,17.0,101.36,31.516,43.018,26.826,SOFT,20.0,1.0,1,False,True,1.0,2023,Bahrain
PER,18.0,118.797,51.905,42.936,23.956,SOFT,3.0,2.0,1,True,False,3.0,2023,Bahrain
PER,19.0,97.659,31.164,42.653,23.842,SOFT,4.0,2.0,1,False,False,3.0,2023,Bahrain
PER,20.0,97.448,30.978,42.696,23.774,SOFT,5.0,2.0,1,False,False,3.0,2023,Bahrain
PER,21.0,97.24,30.982,42.507,23.751,SOFT,6.0,2.0,1,False,False,3.0,2023,Bahrain
PER,22.0,97.169,30.956,42.354,23.859,SOFT,7.0,2.0,1,False,False,3.0,2023,Bahrain
PER,23.0,97.304,31.057,42.415,23.832,SOFT,8.0,2.0,1,False,False,3.0,2023,Bahrain
PER,24.0,97.352,31.142,42.243,23.967,SOFT,9.0,2.0,1,False,False,3.0,2023,Bahrain
PER,25.0,98.418,31.176,42.937,24.305,SOFT,10.0,2.0,1,False,False,3.0,2023,Bahrain
PER,26.0,97.454,30.903,42.667,23.884,SOFT,11.0,2.0,1,False,False,2.0,2023,Bahrain
PER,27.0,97.387,30.97,42.639,23.778,SOFT,12.0,2.0,1,False,False,2.0,2023,Bahrain
PER,28.0,97.211,31.052,42.274,23.885,SOFT,13.0,2.0,1,False,False,2.0,2023,Bahrain
PER,29.0,97.733,31.166,42.675,23.892,SOFT,14.0,2.0,1,False,False,2.0,2023,Bahrain
PER,30.0,97.4,31.031,42.483,23.886,SOFT,15.0,2.0,1,False,False,2.0,2023,Bahrain
PER,31.0,97.919,31.246,42.722,23.951,SOFT,16.0,2.0,1,False,False,2.0,2023,Bahrain
PER,32.0,97.722,31.106,42.637,23.979,SOFT,17.0,2.0,1,False,False,2.0,2023,Bahrain
PER,33.0,97.869,31.229,42.546,24.094,SOFT,18.0,2.0,1,False,False,2.0,2023,Bahrain
PER,34.0,100.686,31.289,42.624,26.773,SOFT,19.0,2.0,1,False,True,2.0,2023,Bahrain
PER,35.0,118.785,52.704,42.423,23.658,HARD,1.0,3.0,1,True,False,2.0,2023,Bahrain
PER,36.0,96.82,30.908,42.254,23.658,HARD,2.0,3.0,1,False,False,2.0,2023,Bahrain
PER,37.0,96.344,30.919,41.914,23.511,HARD,3.0,3.0,1,False,False,2.0,2023,Bahrain
PER,38.0,96.431,30.847,42.011,23.573,HARD,4.0,3.0,1,False,False,2.0,2023,Bahrain
PER,39.0,96.429,30.833,42.027,23.569,HARD,5.0,3.0,1,False,False,2.0,2023,Bahrain
PER,40.0,97.114,30.926,42.564,23.624,HARD,6.0,3.0,1,False,False,2.0,2023,Bahrain
PER,41.0,123.522,30.922,59.493,33.107,HARD,7.0,3.0,126,False,False,2.0,2023,Bahrain
PER,42.0,99.657,34.119,42.002,23.536,HARD,8.0,3.0,671,False,False,2.0,2023,Bahrain
PER,43.0,96.554,30.774,42.092,23.688,HARD,9.0,3.0,1,False,False,2.0,2023,Bahrain
PER,44.0,96.978,31.055,42.36,23.563,HARD,10.0,3.0,1,False,False,2.0,2023,Bahrain
PER,45.0,96.928,30.944,42.434,23.55,HARD,11.0,3.0,1,False,False,2.0,2023,Bahrain
PER,46.0,97.257,30.914,42.496,23.847,HARD,12.0,3.0,1,False,False,2.0,2023,Bahrain
PER,47.0,96.661,30.929,42.049,23.683,HARD,13.0,3.0,1,False,False,2.0,2023,Bahrain
PER,48.0,96.859,31.01,42.316,23.533,HARD,14.0,3.0,1,False,False,2.0,2023,Bahrain
PER,49.0,97.049,30.944,42.495,23.61,HARD,15.0,3.0,1,False,False,2.0,2023,Bahrain
PER,50.0,97.731,31.251,42.646,23.834,HARD,16.0,3.0,1,False,False,2.0,2023,Bahrain
PER,51.0,97.049,31.153,42.153,23.743,HARD,17.0,3.0,1,False,False,2.0,2023,Bahrain
PER,52.0,97.062,31.147,42.086,23.829,HARD,18.0,3.0,1,False,False,2.0,2023,Bahrain
PER,53.0,97.345,31.094,42.383,23.868,HARD,19.0,3.0,1,False,False,2.0,2023,Bahrain
PER,54.0,97.296,31.25,42.257,23.789,HARD,20.0,3.0,1,False,False,2.0,2023,Bahrain
PER,55.0,97.092,31.084,42.076,23.932,HARD,21.0,3.0,1,False,False,2.0,2023,Bahrain
PER,56.0,96.565,31.165,41.786,23.614,HARD,22.0,3.0,1,False,False,2.0,2023,Bahrain
PER,57.0,96.558,30.969,41.799,23.79,HARD,23.0,3.0,1,False,False,2.0,2023,Bahrain
ALO,1.0,103.608,,43.884,24.561,SOFT,4.0,1.0,12,False,False,7.0,2023,Bahrain
ALO,2.0,99.792,31.743,43.626,24.423,SOFT,5.0,1.0,21,False,False,7.0,2023,Bahrain
ALO,3.0,99.1,31.541,43.276,24.283,SOFT,6.0,1.0,1,False,False,7.0,2023,Bahrain
ALO,4.0,99.548,31.723,43.457,24.368,SOFT,7.0,1.0,1,False,False,7.0,2023,Bahrain
ALO,5.0,99.662,31.705,43.553,24.404,SOFT,8.0,1.0,1,False,False,7.0,2023,Bahrain
ALO,6.0,99.674,31.695,43.482,24.497,SOFT,9.0,1.0,1,False,False,7.0,2023,Bahrain
ALO,7.0,99.729,31.675,43.494,24.56,SOFT,10.0,1.0,1,False,False,7.0,2023,Bahrain
ALO,8.0,99.959,31.674,43.675,24.61,SOFT,11.0,1.0,1,False,False,7.0,2023,Bahrain
ALO,9.0,100.275,31.774,43.819,24.682,SOFT,12.0,1.0,1,False,False,7.0,2023,Bahrain
ALO,10.0,100.203,31.505,43.905,24.793,SOFT,13.0,1.0,1,False,False,7.0,2023,Bahrain
ALO,11.0,101.147,31.657,44.321,25.169,SOFT,14.0,1.0,1,False,False,7.0,2023,Bahrain
ALO,12.0,100.934,31.789,44.062,25.083,SOFT,15.0,1.0,1,False,False,6.0,2023,Bahrain
ALO,13.0,100.341,31.823,43.946,24.572,SOFT,16.0,1.0,1,False,False,5.0,2023,Bahrain
ALO,14.0,102.212,31.869,43.309,27.034,SOFT,17.0,1.0,1,False,True,4.0,2023,Bahrain
ALO,15.0,119.692,53.186,42.622,23.884,HARD,1.0,2.0,1,True,False,8.0,2023,Bahrain
ALO,16.0,97.542,31.154,42.459,23.929,HARD,2.0,2.0,1,False,False,7.0,2023,Bahrain
ALO,17.0,98.139,30.946,43.197,23.996,HARD,3.0,2.0,1,False,False,6.0,2023,Bahrain
ALO,18.0,98.124,31.3,42.737,24.087,HARD,4.0,2.0,1,False,False,6.0,2023,Bahrain
ALO,19.0,98.361,31.313,42.965,24.083,HARD,5.0,2.0,1,False,False,6.0,2023,Bahrain
ALO,20.0,98.318,31.337,42.915,24.066,HARD,6.0,2.0,1,False,False,6.0,2023,Bahrain
ALO,21.0,98.407,31.383,42.994,24.03,HARD,7.0,2.0,1,False,False,6.0,2023,Bahrain
ALO,22.0,98.2,31.364,42.853,23.983,HARD,8.0,2.0,1,False,False,6.0,2023,Bahrain
ALO,23.0,97.853,31.14,42.63,24.083,HARD,9.0,2.0,1,False,False,6.0,2023,Bahrain
ALO,24.0,97.878,31.237,42.611,24.03,HARD,10.0,2.0,1,False,False,6.0,2023,Bahrain
ALO,25.0,98.139,31.315,42.669,24.155,HARD,11.0,2.0,1,False,False,6.0,2023,Bahrain
ALO,26.0,98.127,31.267,42.694,24.166,HARD,12.0,2.0,1,False,False,6.0,2023,Bahrain
ALO,27.0,98.612,31.395,43.114,24.103,HARD,13.0,2.0,1,False,False,6.0,2023,Bahrain
ALO,28.0,98.199,31.345,42.758,24.096,HARD,14.0,2.0,1,False,False,6.0,2023,Bahrain
ALO,29.0,98.585,31.49,42.916,24.179,HARD,15.0,2.0,1,False,False,6.0,2023,Bahrain
ALO,30.0,98.282,31.37,42.711,24.201,HARD,16.0,2.0,1,False,False,5.0,2023,Bahrain
ALO,31.0,98.009,31.257,42.663,24.089,HARD,17.0,2.0,1,False,False,5.0,2023,Bahrain
ALO,32.0,97.871,31.335,42.558,23.978,HARD,18.0,2.0,1,False,False,4.0,2023,Bahrain
ALO,33.0,97.769,31.266,42.549,23.954,HARD,19.0,2.0,1,False,False,4.0,2023,Bahrain
ALO,34.0,100.353,31.259,42.545,26.549,HARD,20.0,2.0,1,False,True,3.0,2023,Bahrain
ALO,35.0,117.389,52.333,41.52,23.536,HARD,1.0,3.0,1,True,False,6.0,2023,Bahrain
ALO,36.0,96.156,30.895,41.462,23.799,HARD,2.0,3.0,1,False,False,6.0,2023,Bahrain
ALO,37.0,97.431,31.186,42.184,24.061,HARD,3.0,3.0,1,False,False,6.0,2023,Bahrain
ALO,38.0,97.002,30.763,42.308,23.931,HARD,4.0,3.0,1,False,False,5.0,2023,Bahrain
ALO,39.0,97.243,31.244,42.303,23.696,HARD,5.0,3.0,1,False,False,5.0,2023,Bahrain
ALO,40.0,97.208,31.221,42.306,23.681,HARD,6.0,3.0,12,False,False,4.0,2023,Bahrain
ALO,41.0,126.713,39.952,58.704,28.057,HARD,7.0,3.0,2671,False,False,4.0,2023,Bahrain
ALO,42.0,96.334,30.908,41.746,23.68,HARD,8.0,3.0,1,False,False,4.0,2023,Bahrain
ALO,43.0,96.911,30.956,42.096,23.859,HARD,9.0,3.0,1,False,False,4.0,2023,Bahrain
ALO,44.0,97.022,30.817,42.208,23.997,HARD,10.0,3.0,1,False,False,4.0,2023,Bahrain
ALO,45.0,97.931,31.048,43.229,23.654,HARD,11.0,3.0,1,False,False,3.0,2023,Bahrain
ALO,46.0,97.087,31.144,42.162,23.781,HARD,12.0,3.0,1,False,False,3.0,2023,Bahrain
ALO,47.0,97.326,31.293,42.342,23.691,HARD,13.0,3.0,1,False,False,3.0,2023,Bahrain
ALO,48.0,96.783,31.076,41.97,23.737,HARD,14.0,3.0,1,False,False,3.0,2023,Bahrain
ALO,49.0,96.726,31.058,41.981,23.687,HARD,15.0,3.0,1,False,False,3.0,2023,Bahrain
ALO,50.0,96.331,30.933,41.764,23.634,HARD,16.0,3.0,1,False,False,3.0,2023,Bahrain
ALO,51.0,96.96,31.158,42.005,23.797,HARD,17.0,3.0,1,False,False,3.0,2023,Bahrain
ALO,52.0,97.01,31.043,42.243,23.724,HARD,18.0,3.0,1,False,False,3.0,2023,Bahrain
ALO,53.0,97.01,31.159,42.135,23.716,HARD,19.0,3.0,1,False,False,3.0,2023,Bahrain
ALO,54.0,97.599,31.305,42.469,23.825,HARD,20.0,3.0,1,False,False,3.0,2023,Bahrain
ALO,55.0,97.662,31.237,42.575,23.85,HARD,21.0,3.0,1,False,False,3.0,2023,Bahrain
ALO,56.0,97.473,31.425,42.157,23.891,HARD,22.0,3.0,1,False,False,3.0,2023,Bahrain
ALO,57.0,97.422,31.421,42.088,23.913,HARD,23.0,3.0,1,False,False,3.0,2023,Bahrain
LEC,1.0,100.23,,42.549,24.122,SOFT,1.0,1.0,12,False,False,2.0,2023,Bahrain
LEC,2.0,98.75,31.407,43.127,24.216,SOFT,2.0,1.0,21,False,False,2.0,2023,Bahrain
LEC,3.0,98.658,31.238,43.103,24.317,SOFT,3.0,1.0,1,False,False,2.0,2023,Bahrain
LEC,4.0,98.825,31.402,43.15,24.273,SOFT,4.0,1.0,1,False,False,2.0,2023,Bahrain
LEC,5.0,98.664,31.543,42.943,24.178,SOFT,5.0,1.0,1,False,False,2.0,2023,Bahrain
LEC,6.0,98.572,31.444,43.037,24.091,SOFT,6.0,1.0,1,False,False,2.0,2023,Bahrain
LEC,7.0,98.691,31.441,43.08,24.17,SOFT,7.0,1.0,1,False,False,2.0,2023,Bahrain
LEC,8.0,98.614,31.438,42.977,24.199,SOFT,8.0,1.0,1,False,False,2.0,2023,Bahrain
LEC,9.0,98.828,31.503,43.09,24.235,SOFT,9.0,1.0,1,False,False,2.0,2023,Bahrain
LEC,10.0,99.073,31.51,43.274,24.289,SOFT,10.0,1.0,1,False,False,2.0,2023,Bahrain
LEC,11.0,99.212,31.556,43.28,24.376,SOFT,11.0,1.0,1,False,False,2.0,2023,Bahrain
LEC,12.0,99.489,31.597,43.406,24.486,SOFT,12.0,1.0,1,False,False,2.0,2023,Bahrain
LEC,13.0,102.068,31.703,43.481,26.884,SOFT,13.0,1.0,1,False,True,3.0,2023,Bahrain
LEC,14.0,118.77,52.07,42.739,23.961,HARD,1.0,2.0,1,True,False,5.0,2023,Bahrain
LEC,15.0,98.477,31.261,43.184,24.032,HARD,2.0,2.0,1,False,False,3.0,2023,Bahrain
LEC,16.0,97.953,30.859,42.965,24.129,HARD,3.0,2.0,1,False,False,3.0,2023,Bahrain
LEC,17.0,98.031,31.312,42.722,23.997,HARD,4.0,2.0,1,False,False,3.0,2023,Bahrain
LEC,18.0,97.798,31.207,42.696,23.895,HARD,5.0,2.0,1,False,False,2.0,2023,Bahrain
LEC,19.0,97.858,31.149,42.743,23.966,HARD,6.0,2.0,1,False,False,2.0,2023,Bahrain
LEC,20.0,97.631,31.166,42.561,23.904,HARD,7.0,2.0,1,False,False,2.0,2023,Bahrain
LEC,21.0,97.753,31.114,42.726,23.913,HARD,8.0,2.0,1,False,False,2.0,2023,Bahrain
LEC,22.0,98.162,31.499,42.618,24.045,HARD,9.0,2.0,1,False,False,2.0,2023,Bahrain
LEC,23.0,98.054,31.209,42.95,23.895,HARD,10.0,2.0,1,False,False,2.0,2023,Bahrain
LEC,24.0,97.972,31.197,42.742,24.033,HARD,11.0,2.0,1,False,False,2.0,2023,Bahrain
LEC,25.0,98.541,31.344,43.046,24.151,HARD,12.0,2.0,1,False,False,2.0,2023,Bahrain
LEC,26.0,99.668,32.247,43.143,24.278,HARD,13.0,2.0,1,False,False,3.0,2023,Bahrain
LEC,27.0,98.814,31.412,43.168,24.234,HARD,14.0,2.0,1,False,False,3.0,2023,Bahrain
LEC,28.0,98.618,31.382,43.081,24.155,HARD,15.0,2.0,1,False,False,3.0,2023,Bahrain
LEC,29.0,98.447,31.394,42.964,24.089,HARD,16.0,2.0,1,False,False,3.0,2023,Bahrain
LEC,30.0,98.39,31.339,42.887,24.164,HARD,17.0,2.0,1,False,False,3.0,2023,Bahrain
LEC,31.0,98.746,31.444,43.121,24.181,HARD,18.0,2.0,1,False,False,3.0,2023,Bahrain
LEC,32.0,98.948,31.506,43.272,24.17,HARD,19.0,2.0,1,False,False,3.0,2023,Bahrain
LEC,33.0,101.323,31.464,43.248,26.611,HARD,20.0,2.0,1,False,True,3.0,2023,Bahrain
LEC,34.0,119.477,52.321,43.143,24.013,HARD,1.0,3.0,1,True,False,4.0,2023,Bahrain
LEC,35.0,98.073,31.528,42.729,23.816,HARD,2.0,3.0,1,False,False,3.0,2023,Bahrain
LEC,36.0,97.313,31.07,42.615,23.628,HARD,3.0,3.0,1,False,False,3.0,2023,Bahrain
LEC,37.0,97.17,31.07,42.385,23.715,HARD,4.0,3.0,1,False,False,3.0,2023,Bahrain
LEC,38.0,97.17,31.091,42.444,23.635,HARD,5.0,3.0,1,False,False,3.0,2023,Bahrain
LEC,39.0,97.287,31.103,42.564,23.62,HARD,6.0,3.0,1,False,False,3.0,2023,Bahrain
LEC,40.0,,,,,HARD,7.0,3.0,126,False,False,,2023,Bahrain
STR,1.0,104.67,,44.143,24.609,SOFT,4.0,1.0,12,False,False,9.0,2023,Bahrain
STR,2.0,99.892,31.685,43.58,24.627,SOFT,5.0,1.0,21,False,False,9.0,2023,Bahrain
STR,3.0,99.625,31.501,43.471,24.653,SOFT,6.0,1.0,1,False,False,9.0,2023,Bahrain
STR,4.0,99.745,31.274,43.798,24.673000000000002,SOFT,7.0,1.0,1,False,False,9.0,2023,Bahrain
STR,5.0,99.144,31.135,43.479,24.53,SOFT,8.0,1.0,1,False,False,8.0,2023,Bahrain
STR,6.0,99.714,31.536,43.59,24.588,SOFT,9.0,1.0,1,False,False,8.0,2023,Bahrain
STR,7.0,99.945,31.558,43.832,24.555,SOFT,10.0,1.0,1,False,False,8.0,2023,Bahrain
STR,8.0,99.801,31.619,43.524,24.658,SOFT,11.0,1.0,1,False,False,8.0,2023,Bahrain
STR,9.0,100.106,31.709,43.736,24.661,SOFT,12.0,1.0,1,False,False,8.0,2023,Bahrain
STR,10.0,100.192,31.714,43.754,24.724,SOFT,13.0,1.0,1,False,False,8.0,2023,Bahrain
STR,11.0,100.923,31.837,44.225,24.861,SOFT,14.0,1.0,1,False,False,8.0,2023,Bahrain
STR,12.0,101.039,31.929,44.125,24.985,SOFT,15.0,1.0,1,False,False,8.0,2023,Bahrain
STR,13.0,101.12,31.882,44.192,25.046,SOFT,16.0,1.0,1,False,False,6.0,2023,Bahrain
STR,14.0,100.002,31.565,43.743,24.694,SOFT,17.0,1.0,1,False,False,3.0,2023,Bahrain
STR,15.0,102.841,31.857,43.737,27.247,SOFT,18.0,1.0,1,False,True,4.0,2023,Bahrain
STR,16.0,119.876,53.276,42.527,24.073,HARD,1.0,2.0,1,True,False,9.0,2023,Bahrain
STR,17.0,97.507,31.247,42.341,23.919,HARD,2.0,2.0,1,False,False,9.0,2023,Bahrain
STR,18.0,98.127,31.4,42.53,24.197,HARD,3.0,2.0,1,False,False,9.0,2023,Bahrain
STR,19.0,98.587,31.275,42.792,24.52,HARD,4.0,2.0,1,False,False,9.0,2023,Bahrain
STR,20.0,98.038,31.031,42.815,24.192,HARD,5.0,2.0,1,False,False,8.0,2023,Bahrain
STR,21.0,98.273,31.172,42.998,24.103,HARD,6.0,2.0,1,False,False,8.0,2023,Bahrain
STR,22.0,98.73,31.338,43.254,24.138,HARD,7.0,2.0,1,False,False,8.0,2023,Bahrain
STR,23.0,98.295,31.348,42.818,24.129,HARD,8.0,2.0,1,False,False,8.0,2023,Bahrain
STR,24.0,98.478,31.28,42.995,24.203,HARD,9.0,2.0,1,False,False,8.0,2023,Bahrain
STR,25.0,98.25,31.174,42.928,24.148,HARD,10.0,2.0,1,False,False,8.0,2023,Bahrain
STR,26.0,98.482,31.203,43.13,24.149,HARD,11.0,2.0,1,False,False,8.0,2023,Bahrain
STR,27.0,99.021,31.177,43.506,24.338,HARD,12.0,2.0,1,False,False,8.0,2023,Bahrain
STR,28.0,98.723,31.475,43.02,24.228,HARD,13.0,2.0,1,False,False,8.0,2023,Bahrain
STR,29.0,98.71,31.461,42.966,24.283,HARD,14.0,2.0,1,False,False,8.0,2023,Bahrain
STR,30.0,101.467,31.512,43.025,26.93,HARD,15.0,2.0,1,False,True,8.0,2023,Bahrain
STR,31.0,117.063,51.935,41.573,23.555,HARD,1.0,3.0,1,True,False,8.0,2023,Bahrain
STR,32.0,96.546,30.853,41.993,23.7,HARD,2.0,3.0,1,False,False,7.0,2023,Bahrain
STR,33.0,97.21,31.057,42.487,23.666,HARD,3.0,3.0,1,False,False,7.0,2023,Bahrain
STR,34.0,97.168,30.988,42.474,23.706,HARD,4.0,3.0,1,False,False,7.0,2023,Bahrain
STR,35.0,97.521,31.167,42.568,23.786,HARD,5.0,3.0,1,False,False,7.0,2023,Bahrain
STR,36.0,97.72,31.025,42.848,23.847,HARD,6.0,3.0,1,False,False,7.0,2023,Bahrain
STR,37.0,97.68,31.117,42.684,23.879,HARD,7.0,3.0,1,False,False,7.0,2023,Bahrain
STR,38.0,97.274,31.062,42.463,23.749,HARD,8.0,3.0,1,False,False,7.0,2023,Bahrain
STR,39.0,97.456,31.045,42.644,23.767,HARD,9.0,3.0,1,False,False,7.0,2023,Bahrain
STR,40.0,97.916,31.01,42.646,24.26,HARD,10.0,3.0,126,False,False,6.0,2023,Bahrain
STR,41.0,126.809,43.661,58.17,24.978,HARD,11.0,3.0,671,False,False,6.0,2023,Bahrain
STR,42.0,97.298,31.035,42.477,23.786,HARD,12.0,3.0,1,False,False,6.0,2023,Bahrain
STR,43.0,97.304,31.123,42.318,23.863,HARD,13.0,3.0,1,False,False,6.0,2023,Bahrain
STR,44.0,97.299,31.066,42.331,23.902,HARD,14.0,3.0,1,False,False,6.0,2023,Bahrain
STR,45.0,97.222,31.017,42.39,23.815,HARD,15.0,3.0,1,False,False,6.0,2023,Bahrain
STR,46.0,97.562,31.04,42.675,23.847,HARD,16.0,3.0,1,False,False,6.0,2023,Bahrain
STR,47.0,97.257,31.043,42.368,23.846,HARD,17.0,3.0,1,False,False,6.0,2023,Bahrain
STR,48.0,97.448,31.146,42.393,23.909,HARD,18.0,3.0,1,False,False,6.0,2023,Bahrain
STR,49.0,97.551,31.106,42.536,23.909,HARD,19.0,3.0,1,False,False,6.0,2023,Bahrain
STR,50.0,97.388,31.03,42.331,24.027,HARD,20.0,3.0,1,False,False,6.0,2023,Bahrain
STR,51.0,97.866,31.108,42.709,24.049,HARD,21.0,3.0,1,False,False,6.0,2023,Bahrain
STR,52.0,97.579,31.121,42.501,23.957,HARD,22.0,3.0,1,False,False,6.0,2023,Bahrain
STR,53.0,98.379,31.162,43.275,23.942,HARD,23.0,3.0,1,False,False,6.0,2023,Bahrain
STR,54.0,97.597,31.11,42.373,24.114,HARD,24.0,3.0,1,False,False,6.0,2023,Bahrain
STR,55.0,97.701,31.149,42.517,24.035,HARD,25.0,3.0,1,False,False,6.0,2023,Bahrain
STR,56.0,98.11,31.287,42.737,24.086,HARD,26.0,3.0,1,False,False,6.0,2023,Bahrain
STR,57.0,97.991,31.194,42.65,24.147,HARD,27.0,3.0,1,False,False,6.0,2023,Bahrain
SAR,1.0,106.855,,45.33,24.706,SOFT,1.0,1.0,12,False,False,13.0,2023,Bahrain
SAR,2.0,100.467,31.795,43.956,24.716,SOFT,2.0,1.0,21,False,False,13.0,2023,Bahrain
SAR,3.0,100.349,31.746,43.8,24.803,SOFT,3.0,1.0,1,False,False,13.0,2023,Bahrain
SAR,4.0,100.644,31.421,44.124,25.099,SOFT,4.0,1.0,1,False,False,13.0,2023,Bahrain
SAR,5.0,100.902,31.603,44.497,24.802,SOFT,5.0,1.0,1,False,False,13.0,2023,Bahrain
SAR,6.0,100.791,31.776,44.129,24.886,SOFT,6.0,1.0,1,False,False,13.0,2023,Bahrain
SAR,7.0,100.892,31.801,44.19,24.901,SOFT,7.0,1.0,1,False,False,13.0,2023,Bahrain
SAR,8.0,100.868,31.647,44.392,24.829,SOFT,8.0,1.0,1,False,False,13.0,2023,Bahrain
SAR,9.0,100.908,31.948,44.066,24.894,SOFT,9.0,1.0,1,False,False,13.0,2023,Bahrain
SAR,10.0,101.133,31.594,44.481,25.058,SOFT,10.0,1.0,1,False,False,12.0,2023,Bahrain
SAR,11.0,101.532,32.122,44.37,25.04,SOFT,11.0,1.0,1,False,False,11.0,2023,Bahrain
SAR,12.0,103.88,32.031,44.118,27.731,SOFT,12.0,1.0,1,False,True,10.0,2023,Bahrain
SAR,13.0,120.255,53.407,42.646,24.202,SOFT,1.0,2.0,1,True,False,15.0,2023,Bahrain
SAR,14.0,98.413,31.156,42.959,24.298,SOFT,2.0,2.0,1,False,False,15.0,2023,Bahrain
SAR,15.0,99.033,31.192,43.462,24.379,SOFT,3.0,2.0,1,False,False,15.0,2023,Bahrain
SAR,16.0,98.988,31.239,43.299,24.45,SOFT,4.0,2.0,1,False,False,13.0,2023,Bahrain
SAR,17.0,99.439,31.439,43.542,24.458,SOFT,5.0,2.0,1,False,False,13.0,2023,Bahrain
SAR,18.0,99.399,31.497,43.423,24.479,SOFT,6.0,2.0,1,False,False,13.0,2023,Bahrain
SAR,19.0,99.22,31.3,43.546,24.374,SOFT,7.0,2.0,1,False,False,13.0,2023,Bahrain
SAR,20.0,99.186,31.337,43.39,24.459,SOFT,8.0,2.0,1,False,False,13.0,2023,Bahrain
SAR,21.0,99.612,31.466,43.62,24.526,SOFT,9.0,2.0,1,False,False,13.0,2023,Bahrain
SAR,22.0,99.362,31.385,43.461,24.516,SOFT,10.0,2.0,1,False,False,13.0,2023,Bahrain
SAR,23.0,99.692,31.63,43.546,24.516,SOFT,11.0,2.0,1,False,False,13.0,2023,Bahrain
SAR,24.0,99.872,31.583,43.663,24.626,SOFT,12.0,2.0,1,False,False,13.0,2023,Bahrain
SAR,25.0,99.834,31.581,43.719,24.534,SOFT,13.0,2.0,1,False,False,13.0,2023,Bahrain
SAR,26.0,100.006,31.621,43.912,24.473,SOFT,14.0,2.0,1,False,False,12.0,2023,Bahrain
SAR,27.0,99.602,31.547,43.585,24.47,SOFT,15.0,2.0,1,False,False,10.0,2023,Bahrain
SAR,28.0,99.62,31.548000000000002,43.544,24.528,SOFT,16.0,2.0,1,False,False,10.0,2023,Bahrain
SAR,29.0,99.673,31.672,43.498,24.503,SOFT,17.0,2.0,1,False,False,10.0,2023,Bahrain
SAR,30.0,102.409,31.687,43.426,27.296,SOFT,18.0,2.0,1,False,True,10.0,2023,Bahrain
SAR,31.0,119.303,53.34,42.124,23.839,HARD,1.0,3.0,1,True,False,14.0,2023,Bahrain
SAR,32.0,97.613,30.975,42.694,23.944,HARD,2.0,3.0,1,False,False,14.0,2023,Bahrain
SAR,33.0,97.862,31.078,42.708,24.076,HARD,3.0,3.0,1,False,False,13.0,2023,Bahrain
SAR,34.0,97.902,31.157,42.798,23.947,HARD,4.0,3.0,1,False,False,13.0,2023,Bahrain
SAR,35.0,98.029,31.176,42.79,24.063,HARD,5.0,3.0,1,False,False,13.0,2023,Bahrain
SAR,36.0,97.717,31.091,42.688,23.938,HARD,6.0,3.0,1,False,False,13.0,2023,Bahrain
SAR,37.0,97.831,31.087,42.803,23.941,HARD,7.0,3.0,1,False,False,13.0,2023,Bahrain
SAR,38.0,98.015,31.136,42.813,24.066,HARD,8.0,3.0,1,False,False,13.0,2023,Bahrain
SAR,39.0,97.971,31.148,42.76,24.063,HARD,9.0,3.0,1,False,False,13.0,2023,Bahrain
SAR,40.0,113.753,31.202,48.556,33.995,HARD,10.0,3.0,126,False,True,12.0,2023,Bahrain
SAR,41.0,125.614,59.069,42.812,23.733,SOFT,1.0,4.0,671,True,False,14.0,2023,Bahrain
SAR,42.0,96.037,30.492,41.875,23.67,SOFT,2.0,4.0,1,False,False,14.0,2023,Bahrain
SAR,43.0,96.801,30.693,42.146,23.962,SOFT,3.0,4.0,1,False,False,14.0,2023,Bahrain
SAR,44.0,97.407,30.808,42.689,23.91,SOFT,4.0,4.0,1,False,False,13.0,2023,Bahrain
SAR,45.0,97.462,30.743,42.757,23.962,SOFT,5.0,4.0,1,False,False,13.0,2023,Bahrain
SAR,46.0,98.441,31.144,43.267,24.03,SOFT,6.0,4.0,1,False,False,13.0,2023,Bahrain
SAR,47.0,97.227,31.054,42.356,23.817,SOFT,7.0,4.0,1,False,False,12.0,2023,Bahrain
SAR,48.0,97.068,30.916,42.28,23.872,SOFT,8.0,4.0,1,False,False,12.0,2023,Bahrain
SAR,49.0,97.225,30.906,42.422,23.897,SOFT,9.0,4.0,1,False,False,12.0,2023,Bahrain
SAR,50.0,97.29,30.955,42.418,23.917,SOFT,10.0,4.0,1,False,False,12.0,2023,Bahrain
SAR,51.0,97.472,31.024,42.523,23.925,SOFT,11.0,4.0,1,False,False,12.0,2023,Bahrain
SAR,52.0,97.456,31.031,42.485,23.94,SOFT,12.0,4.0,1,False,False,12.0,2023,Bahrain
SAR,53.0,97.662,31.044,42.593,24.025,SOFT,13.0,4.0,1,False,False,12.0,2023,Bahrain
SAR,54.0,97.936,31.046,42.824,24.066,SOFT,14.0,4.0,1,False,False,12.0,2023,Bahrain
SAR,55.0,98.316,31.122,43.107,24.087,SOFT,15.0,4.0,1,False,False,12.0,2023,Bahrain
SAR,56.0,99.626,31.157,44.242,24.227,SOFT,16.0,4.0,1,False,False,12.0,2023,Bahrain
MAG,1.0,109.33,,46.858,25.043,HARD,1.0,1.0,12,False,False,18.0,2023,Bahrain
MAG,2.0,101.521,32.42,44.355,24.746,HARD,2.0,1.0,21,False,False,19.0,2023,Bahrain
MAG,3.0,101.978,31.821,45.009,25.148,HARD,3.0,1.0,1,False,False,20.0,2023,Bahrain
MAG,4.0,100.773,31.755,44.045,24.973,HARD,4.0,1.0,1,False,False,20.0,2023,Bahrain
MAG,5.0,101.34,31.769,44.572,24.999,HARD,5.0,1.0,1,False,False,20.0,2023,Bahrain
MAG,6.0,101.125,32.023,44.289,24.813,HARD,6.0,1.0,1,False,False,20.0,2023,Bahrain
MAG,7.0,101.526,32.135,44.46,24.931,HARD,7.0,1.0,1,False,False,20.0,2023,Bahrain
MAG,8.0,101.283,32.062,44.289,24.932,HARD,8.0,1.0,1,False,False,20.0,2023,Bahrain
MAG,9.0,101.278,32.161,44.196,24.921,HARD,9.0,1.0,1,False,False,20.0,2023,Bahrain
MAG,10.0,101.719,32.289,44.441,24.989,HARD,10.0,1.0,1,False,False,19.0,2023,Bahrain
MAG,11.0,102.049,32.334,44.458,25.257,HARD,11.0,1.0,1,False,False,15.0,2023,Bahrain
MAG,12.0,101.345,32.185,44.197,24.963,HARD,12.0,1.0,1,False,False,13.0,2023,Bahrain
MAG,13.0,101.654,32.197,44.455,25.002,HARD,13.0,1.0,1,False,False,9.0,2023,Bahrain
MAG,14.0,101.739,32.409,44.478,24.852,HARD,14.0,1.0,1,False,False,9.0,2023,Bahrain
MAG,15.0,104.899,32.424,44.674,27.801,HARD,15.0,1.0,1,False,True,11.0,2023,Bahrain
MAG,16.0,120.587,53.295,43.201,24.091,HARD,1.0,2.0,1,True,False,18.0,2023,Bahrain
MAG,17.0,98.319,31.498,42.739,24.082,HARD,2.0,2.0,1,False,False,18.0,2023,Bahrain
MAG,18.0,98.274,31.32,42.799,24.155,HARD,3.0,2.0,1,False,False,17.0,2023,Bahrain
MAG,19.0,98.803,31.449,43.108,24.246,HARD,4.0,2.0,1,False,False,17.0,2023,Bahrain
MAG,20.0,99.083,31.665,43.198,24.22,HARD,5.0,2.0,1,False,False,17.0,2023,Bahrain
MAG,21.0,99.086,31.648,43.082,24.356,HARD,6.0,2.0,1,False,False,17.0,2023,Bahrain
MAG,22.0,98.913,31.554,43.081,24.278,HARD,7.0,2.0,1,False,False,17.0,2023,Bahrain
MAG,23.0,99.027,31.612,43.032,24.383,HARD,8.0,2.0,1,False,False,17.0,2023,Bahrain
MAG,24.0,98.947,31.57,43.03,24.347,HARD,9.0,2.0,1,False,False,17.0,2023,Bahrain
MAG,25.0,99.476,31.67,43.433,24.373,HARD,10.0,2.0,1,False,False,17.0,2023,Bahrain
MAG,26.0,99.601,31.703,43.414,24.484,HARD,11.0,2.0,1,False,False,15.0,2023,Bahrain
MAG,27.0,99.298,31.694,43.25,24.354,HARD,12.0,2.0,1,False,False,13.0,2023,Bahrain
MAG,28.0,99.316,31.703,43.255,24.358,HARD,13.0,2.0,1,False,False,12.0,2023,Bahrain
MAG,29.0,101.979,31.697,43.421,26.861,HARD,14.0,2.0,1,False,True,13.0,2023,Bahrain
MAG,30.0,120.933,52.88,43.703,24.35,SOFT,1.0,3.0,1,True,False,17.0,2023,Bahrain
MAG,31.0,98.593,31.332,43.288,23.973,SOFT,2.0,3.0,1,False,False,17.0,2023,Bahrain
MAG,32.0,97.644,30.962,42.718,23.964,SOFT,3.0,3.0,1,False,False,16.0,2023,Bahrain
MAG,33.0,97.097,31.049,42.112,23.936,SOFT,4.0,3.0,1,False,False,16.0,2023,Bahrain
MAG,34.0,97.528,31.133,42.454,23.941,SOFT,5.0,3.0,1,False,False,16.0,2023,Bahrain
MAG,35.0,97.46,31.158,42.391,23.911,SOFT,6.0,3.0,1,False,False,16.0,2023,Bahrain
MAG,36.0,97.754,31.223,42.466,24.065,SOFT,7.0,3.0,1,False,False,16.0,2023,Bahrain
MAG,37.0,97.998,31.244,42.71,24.044,SOFT,8.0,3.0,1,False,False,16.0,2023,Bahrain
MAG,38.0,98.303,31.297,42.864,24.142,SOFT,9.0,3.0,1,False,False,16.0,2023,Bahrain
MAG,39.0,98.587,31.279,42.922,24.386,SOFT,10.0,3.0,1,False,False,16.0,2023,Bahrain
MAG,40.0,117.797,31.406,51.042,35.349,SOFT,11.0,3.0,126,False,True,15.0,2023,Bahrain
MAG,41.0,122.547,56.351,42.391,23.805,SOFT,1.0,4.0,671,True,False,15.0,2023,Bahrain
MAG,42.0,96.471,30.737,42.113,23.621,SOFT,2.0,4.0,1,False,False,15.0,2023,Bahrain
MAG,43.0,96.942,30.753,42.381,23.808,SOFT,3.0,4.0,1,False,False,15.0,2023,Bahrain
MAG,44.0,96.588,30.76,42.049,23.779,SOFT,4.0,4.0,1,False,False,15.0,2023,Bahrain
MAG,45.0,97.126,30.983,42.268,23.875,SOFT,5.0,4.0,1,False,False,15.0,2023,Bahrain
MAG,46.0,97.589,31.046,42.533,24.01,SOFT,6.0,4.0,1,False,False,15.0,2023,Bahrain
MAG,47.0,97.629,31.029,42.64,23.96,SOFT,7.0,4.0,1,False,False,15.0,2023,Bahrain
MAG,48.0,97.607,31.059,42.581,23.967,SOFT,8.0,4.0,1,False,False,15.0,2023,Bahrain
MAG,49.0,97.739,31.077,42.715,23.947,SOFT,9.0,4.0,1,False,False,15.0,2023,Bahrain
MAG,50.0,98.315,31.323,42.652,24.34,SOFT,10.0,4.0,1,False,False,15.0,2023,Bahrain
MAG,51.0,98.157,31.364,42.723,24.07,SOFT,11.0,4.0,1,False,False,14.0,2023,Bahrain
MAG,52.0,97.963,31.275,42.598,24.09,SOFT,12.0,4.0,1,False,False,14.0,2023,Bahrain
MAG,53.0,97.982,31.324,42.612,24.046,SOFT,13.0,4.0,1,False,False,14.0,2023,Bahrain
MAG,54.0,99.651,31.272,42.695,25.684,SOFT,14.0,4.0,1,False,False,14.0,2023,Bahrain
MAG,55.0,98.446,31.366,42.971,24.109,SOFT,15.0,4.0,1,False,False,13.0,2023,Bahrain
MAG,56.0,98.779,31.633,42.882,24.264,SOFT,16.0,4.0,1,False,False,13.0,2023,Bahrain
DEV,1.0,109.959,,46.835,25.179,SOFT,1.0,1.0,12,False,False,20.0,2023,Bahrain
DEV,2.0,101.289,32.136,44.304,24.849,SOFT,2.0,1.0,21,False,False,20.0,2023,Bahrain
DEV,3.0,100.914,31.761,44.368,24.785,SOFT,3.0,1.0,1,False,False,19.0,2023,Bahrain
DEV,4.0,100.373,31.611,43.9,24.862,SOFT,4.0,1.0,1,False,False,19.0,2023,Bahrain
DEV,5.0,100.63,31.428,44.155,25.047,SOFT,5.0,1.0,1,False,False,19.0,2023,Bahrain
DEV,6.0,101.125,31.563,44.451,25.111,SOFT,6.0,1.0,1,False,False,19.0,2023,Bahrain
DEV,7.0,101.166,31.511,44.638,25.017,SOFT,7.0,1.0,1,False,False,19.0,2023,Bahrain
DEV,8.0,101.23,31.601,44.514,25.115,SOFT,8.0,1.0,1,False,False,19.0,2023,Bahrain
DEV,9.0,101.573,31.817,44.54,25.216,SOFT,9.0,1.0,1,False,False,18.0,2023,Bahrain
DEV,10.0,101.666,31.78,44.807,25.079,SOFT,10.0,1.0,1,False,False,18.0,2023,Bahrain
DEV,11.0,105.46,32.072,44.715,28.673000000000002,SOFT,11.0,1.0,1,False,True,17.0,2023,Bahrain
DEV,12.0,121.184,53.538,43.459,24.187,HARD,1.0,2.0,1,True,False,19.0,2023,Bahrain
DEV,13.0,98.924,31.468,43.189,24.267,HARD,2.0,2.0,1,False,False,18.0,2023,Bahrain
DEV,14.0,98.829,31.383,43.082,24.364,HARD,3.0,2.0,1,False,False,17.0,2023,Bahrain
DEV,15.0,98.868,31.425,43.124,24.319,HARD,4.0,2.0,1,False,False,17.0,2023,Bahrain
DEV,16.0,99.127,31.487,43.229,24.411,HARD,5.0,2.0,1,False,False,15.0,2023,Bahrain
DEV,17.0,98.996,31.498,43.126,24.372,HARD,6.0,2.0,1,False,False,14.0,2023,Bahrain
DEV,18.0,99.054,31.426,43.327,24.301,HARD,7.0,2.0,1,False,False,14.0,2023,Bahrain
DEV,19.0,99.078,31.442,43.253,24.383,HARD,8.0,2.0,1,False,False,14.0,2023,Bahrain
DEV,20.0,99.182,31.442,43.332,24.408,HARD,9.0,2.0,1,False,False,14.0,2023,Bahrain
DEV,21.0,99.182,31.508,43.309,24.365,HARD,10.0,2.0,1,False,False,14.0,2023,Bahrain
DEV,22.0,99.296,31.572,43.328,24.396,HARD,11.0,2.0,1,False,False,14.0,2023,Bahrain
DEV,23.0,99.542,31.637,43.479,24.426,HARD,12.0,2.0,1,False,False,14.0,2023,Bahrain
DEV,24.0,99.807,31.847,43.493,24.467,HARD,13.0,2.0,1,False,False,14.0,2023,Bahrain
DEV,25.0,100.96,32.101,44.14,24.719,HARD,14.0,2.0,1,False,False,15.0,2023,Bahrain
DEV,26.0,99.97,31.698,43.692,24.58,HARD,15.0,2.0,1,False,False,14.0,2023,Bahrain
DEV,27.0,102.309,31.644,43.489,27.176,HARD,16.0,2.0,1,False,True,12.0,2023,Bahrain
DEV,28.0,120.083,53.173,42.985,23.925,HARD,1.0,3.0,1,True,False,16.0,2023,Bahrain
DEV,29.0,98.121,31.275,42.759,24.087,HARD,2.0,3.0,1,False,False,16.0,2023,Bahrain
DEV,30.0,97.709,31.186,42.605,23.918,HARD,3.0,3.0,1,False,False,15.0,2023,Bahrain
DEV,31.0,97.909,31.126,42.804,23.979,HARD,4.0,3.0,1,False,False,15.0,2023,Bahrain
DEV,32.0,97.902,31.118,42.773,24.011,HARD,5.0,3.0,1,False,False,15.0,2023,Bahrain
DEV,33.0,97.933,31.115,42.729,24.089,HARD,6.0,3.0,1,False,False,14.0,2023,Bahrain
DEV,34.0,98.266,31.226,42.896,24.144,HARD,7.0,3.0,1,False,False,14.0,2023,Bahrain
DEV,35.0,98.123,31.249,42.716,24.158,HARD,8.0,3.0,1,False,False,14.0,2023,Bahrain
DEV,36.0,98.206,31.265,42.791,24.15,HARD,9.0,3.0,1,False,False,14.0,2023,Bahrain
DEV,37.0,98.423,31.401,42.905,24.117,HARD,10.0,3.0,1,False,False,14.0,2023,Bahrain
DEV,38.0,98.379,31.355,42.877,24.147,HARD,11.0,3.0,1,False,False,14.0,2023,Bahrain
DEV,39.0,98.535,31.31,42.977,24.248,HARD,12.0,3.0,1,False,False,14.0,2023,Bahrain
DEV,40.0,113.544,31.346,53.363,28.835,HARD,13.0,3.0,126,False,False,13.0,2023,Bahrain
DEV,41.0,114.359,44.502,45.772,24.085,HARD,14.0,3.0,671,False,False,11.0,2023,Bahrain
DEV,42.0,99.873,32.199,43.466,24.208,HARD,15.0,3.0,1,False,False,12.0,2023,Bahrain
DEV,43.0,100.177,32.026,43.701,24.45,HARD,16.0,3.0,1,False,False,13.0,2023,Bahrain
DEV,44.0,99.588,31.78,43.483,24.325,HARD,17.0,3.0,1,False,False,14.0,2023,Bahrain
DEV,45.0,98.889,31.481,43.144,24.264,HARD,18.0,3.0,1,False,False,14.0,2023,Bahrain
DEV,46.0,98.871,31.557,43.061,24.253,HARD,19.0,3.0,1,False,False,14.0,2023,Bahrain
DEV,47.0,98.921,31.53,43.186,24.205,HARD,20.0,3.0,1,False,False,14.0,2023,Bahrain
DEV,48.0,100.441,32.523,43.596,24.322,HARD,21.0,3.0,1,False,False,14.0,2023,Bahrain
DEV,49.0,98.985,31.508,43.167,24.31,HARD,22.0,3.0,1,False,False,14.0,2023,Bahrain
DEV,50.0,99.089,31.532,43.24,24.317,HARD,23.0,3.0,1,False,False,14.0,2023,Bahrain
DEV,51.0,100.475,32.491,43.49,24.494,HARD,24.0,3.0,1,False,False,15.0,2023,Bahrain
DEV,52.0,100.33,31.497,44.208,24.625,HARD,25.0,3.0,1,False,False,15.0,2023,Bahrain
DEV,53.0,99.15,31.459,43.284,24.407,HARD,26.0,3.0,1,False,False,15.0,2023,Bahrain
DEV,54.0,98.885,31.467,43.108,24.31,HARD,27.0,3.0,1,False,False,15.0,2023,Bahrain
DEV,55.0,99.239,31.445,43.538,24.256,HARD,28.0,3.0,1,False,False,14.0,2023,Bahrain
DEV,56.0,99.161,31.644,43.211,24.306,HARD,29.0,3.0,1,False,False,14.0,2023,Bahrain
TSU,1.0,107.791,,45.884,24.925,SOFT,1.0,1.0,12,False,False,15.0,2023,Bahrain
TSU,2.0,100.837,31.976,43.987,24.874,SOFT,2.0,1.0,21,False,False,15.0,2023,Bahrain
TSU,3.0,100.243,31.699,43.736,24.808,SOFT,3.0,1.0,1,False,False,15.0,2023,Bahrain
TSU,4.0,99.95,31.259,43.59,25.101,SOFT,4.0,1.0,1,False,False,14.0,2023,Bahrain
TSU,5.0,101.131,31.566,44.562,25.003,SOFT,5.0,1.0,1,False,False,14.0,2023,Bahrain
TSU,6.0,100.886,31.671,44.172,25.043,SOFT,6.0,1.0,1,False,False,14.0,2023,Bahrain
TSU,7.0,100.952,31.564,44.259,25.129,SOFT,7.0,1.0,1,False,False,14.0,2023,Bahrain
TSU,8.0,100.846,31.566,44.156,25.124,SOFT,8.0,1.0,1,False,False,14.0,2023,Bahrain
TSU,9.0,101.01,31.627,44.241,25.142,SOFT,9.0,1.0,1,False,False,14.0,2023,Bahrain
TSU,10.0,103.749,31.649,44.285,27.815,SOFT,10.0,1.0,1,False,True,14.0,2023,Bahrain
TSU,11.0,119.843,53.357,42.423,24.063,HARD,1.0,2.0,1,True,False,18.0,2023,Bahrain
TSU,12.0,99.143,31.623,43.14,24.38,HARD,2.0,2.0,1,False,False,16.0,2023,Bahrain
TSU,13.0,99.471,31.607,43.29,24.574,HARD,3.0,2.0,1,False,False,13.0,2023,Bahrain
TSU,14.0,98.742,31.227,43.111,24.404,HARD,4.0,2.0,1,False,False,13.0,2023,Bahrain
TSU,15.0,98.975,31.398,43.143,24.434,HARD,5.0,2.0,1,False,False,12.0,2023,Bahrain
TSU,16.0,99.061,31.429,43.184,24.448,HARD,6.0,2.0,1,False,False,11.0,2023,Bahrain
TSU,17.0,99.021,31.417,43.132,24.472,HARD,7.0,2.0,1,False,False,11.0,2023,Bahrain
TSU,18.0,99.302,31.402,43.402,24.498,HARD,8.0,2.0,1,False,False,11.0,2023,Bahrain
TSU,19.0,99.17,31.456,43.331,24.383,HARD,9.0,2.0,1,False,False,11.0,2023,Bahrain
TSU,20.0,99.282,31.476,43.398,24.408,HARD,10.0,2.0,1,False,False,11.0,2023,Bahrain
TSU,21.0,99.325,31.486,43.285,24.554,HARD,11.0,2.0,1,False,False,11.0,2023,Bahrain
TSU,22.0,99.439,31.479,43.415,24.545,HARD,12.0,2.0,1,False,False,11.0,2023,Bahrain
TSU,23.0,99.632,31.543,43.474,24.615,HARD,13.0,2.0,1,False,False,11.0,2023,Bahrain
TSU,24.0,100.109,32.039,43.405,24.665,HARD,14.0,2.0,1,False,False,11.0,2023,Bahrain
TSU,25.0,99.746,31.638,43.565,24.543,HARD,15.0,2.0,1,False,False,11.0,2023,Bahrain
TSU,26.0,102.227,31.619,43.452,27.156,HARD,16.0,2.0,1,False,True,11.0,2023,Bahrain
TSU,27.0,120.3,52.788,43.364,24.148,HARD,1.0,3.0,1,True,False,16.0,2023,Bahrain
TSU,28.0,97.824,31.04,42.788,23.996,HARD,2.0,3.0,1,False,False,15.0,2023,Bahrain
TSU,29.0,97.779,31.071,42.582,24.126,HARD,3.0,3.0,1,False,False,15.0,2023,Bahrain
TSU,30.0,98.147,31.111,42.762,24.274,HARD,4.0,3.0,1,False,False,14.0,2023,Bahrain
TSU,31.0,97.813,30.795,42.857,24.161,HARD,5.0,3.0,1,False,False,13.0,2023,Bahrain
TSU,32.0,98.017,30.916,42.886,24.215,HARD,6.0,3.0,1,False,False,13.0,2023,Bahrain
TSU,33.0,98.094,30.843,42.923,24.328,HARD,7.0,3.0,1,False,False,12.0,2023,Bahrain
TSU,34.0,98.13,30.924,42.881,24.325,HARD,8.0,3.0,1,False,False,12.0,2023,Bahrain
TSU,35.0,98.163,31.053,42.779,24.331,HARD,9.0,3.0,1,False,False,12.0,2023,Bahrain
TSU,36.0,98.059,30.891,42.924,24.244,HARD,10.0,3.0,1,False,False,12.0,2023,Bahrain
TSU,37.0,98.075,31.004,42.708,24.363,HARD,11.0,3.0,1,False,False,12.0,2023,Bahrain
TSU,38.0,98.084,30.904,42.811,24.369,HARD,12.0,3.0,1,False,False,12.0,2023,Bahrain
TSU,39.0,98.419,31.108,42.882,24.429,HARD,13.0,3.0,1,False,False,12.0,2023,Bahrain
TSU,40.0,110.35,31.083,42.908,36.359,HARD,14.0,3.0,126,False,True,11.0,2023,Bahrain
TSU,41.0,130.782,63.303,43.564,23.915,SOFT,4.0,4.0,671,True,False,13.0,2023,Bahrain
TSU,42.0,96.637,30.997,41.735,23.905,SOFT,5.0,4.0,1,False,False,11.0,2023,Bahrain
TSU,43.0,97.028,31.115,42.08,23.833,SOFT,6.0,4.0,1,False,False,11.0,2023,Bahrain
TSU,44.0,97.01,30.939,42.198,23.873,SOFT,7.0,4.0,1,False,False,11.0,2023,Bahrain
TSU,45.0,97.021,30.93,42.107,23.984,SOFT,8.0,4.0,1,False,False,11.0,2023,Bahrain
TSU,46.0,97.258,31.009,42.28,23.969,SOFT,9.0,4.0,1,False,False,11.0,2023,Bahrain
TSU,47.0,97.359,31.083,42.286,23.99,SOFT,10.0,4.0,1,False,False,11.0,2023,Bahrain
TSU,48.0,97.238,30.963,42.173,24.102,SOFT,11.0,4.0,1,False,False,11.0,2023,Bahrain
TSU,49.0,97.528,31.034,42.419,24.075,SOFT,12.0,4.0,1,False,False,11.0,2023,Bahrain
TSU,50.0,97.624,31.076,42.378,24.17,SOFT,13.0,4.0,1,False,False,11.0,2023,Bahrain
TSU,51.0,97.706,31.074,42.499,24.133,SOFT,14.0,4.0,1,False,False,11.0,2023,Bahrain
TSU,52.0,97.59,31.005,42.419,24.166,SOFT,15.0,4.0,1,False,False,11.0,2023,Bahrain
TSU,53.0,97.675,30.863,42.461,24.351,SOFT,16.0,4.0,1,False,False,11.0,2023,Bahrain
TSU,54.0,97.72,31.051,42.411,24.258,SOFT,17.0,4.0,1,False,False,11.0,2023,Bahrain
TSU,55.0,97.945,30.804,42.709,24.432,SOFT,18.0,4.0,1,False,False,11.0,2023,Bahrain
TSU,56.0,98.102,30.921,42.841,24.34,SOFT,19.0,4.0,1,False,False,11.0,2023,Bahrain
TSU,57.0,98.246,30.946,42.795,24.505,SOFT,20.0,4.0,1,False,False,11.0,2023,Bahrain
ALB,1.0,106.453,,45.491,24.742,SOFT,1.0,1.0,12,False,False,12.0,2023,Bahrain
ALB,2.0,100.43,31.765,43.909,24.756,SOFT,2.0,1.0,21,False,False,12.0,2023,Bahrain
ALB,3.0,100.143,31.66,43.782,24.701,SOFT,3.0,1.0,1,False,False,12.0,2023,Bahrain
ALB,4.0,99.761,31.226,43.808,24.727,SOFT,4.0,1.0,1,False,False,11.0,2023,Bahrain
ALB,5.0,100.606,31.48,44.21,24.916,SOFT,5.0,1.0,1,False,False,11.0,2023,Bahrain
ALB,6.0,100.744,31.764,44.077,24.903,SOFT,6.0,1.0,1,False,False,11.0,2023,Bahrain
ALB,7.0,100.646,31.833,44.04,24.773,SOFT,7.0,1.0,1,False,False,11.0,2023,Bahrain
ALB,8.0,100.918,31.83,44.297,24.791,SOFT,8.0,1.0,1,False,False,11.0,2023,Bahrain
ALB,9.0,100.969,31.837,44.298,24.834,SOFT,9.0,1.0,1,False,False,11.0,2023,Bahrain
ALB,10.0,101.119,31.855,44.432,24.832,SOFT,10.0,1.0,1,False,False,11.0,2023,Bahrain
ALB,11.0,103.948,31.953,44.361,27.634,SOFT,11.0,1.0,1,False,True,12.0,2023,Bahrain
ALB,12.0,119.445,52.452,42.947,24.046,SOFT,1.0,2.0,1,True,False,15.0,2023,Bahrain
ALB,13.0,98.649,31.512,42.949,24.188,SOFT,2.0,2.0,1,False,False,11.0,2023,Bahrain
ALB,14.0,98.472,31.104,43.144,24.224,SOFT,3.0,2.0,1,False,False,11.0,2023,Bahrain
ALB,15.0,99.158,31.3,43.386,24.472,SOFT,4.0,2.0,1,False,False,10.0,2023,Bahrain
ALB,16.0,99.253,31.205,43.747,24.301,SOFT,5.0,2.0,1,False,False,10.0,2023,Bahrain
ALB,17.0,99.094,31.288,43.482,24.324,SOFT,6.0,2.0,1,False,False,10.0,2023,Bahrain
ALB,18.0,99.049,31.24,43.43,24.379,SOFT,7.0,2.0,1,False,False,10.0,2023,Bahrain
ALB,19.0,99.272,31.412,43.511,24.349,SOFT,8.0,2.0,1,False,False,10.0,2023,Bahrain
ALB,20.0,99.299,31.372,43.498,24.429,SOFT,9.0,2.0,1,False,False,10.0,2023,Bahrain
ALB,21.0,99.591,31.415,43.682,24.494,SOFT,10.0,2.0,1,False,False,10.0,2023,Bahrain
ALB,22.0,99.588,31.391,43.783,24.414,SOFT,11.0,2.0,1,False,False,10.0,2023,Bahrain
ALB,23.0,99.802,31.503,43.786,24.513,SOFT,12.0,2.0,1,False,False,10.0,2023,Bahrain
ALB,24.0,99.89,31.616,43.801,24.473,SOFT,13.0,2.0,1,False,False,10.0,2023,Bahrain
ALB,25.0,99.832,31.547,43.808,24.477,SOFT,14.0,2.0,1,False,False,10.0,2023,Bahrain
ALB,26.0,102.61,31.597,43.733,27.28,SOFT,15.0,2.0,1,False,True,10.0,2023,Bahrain
ALB,27.0,119.87,53.056,42.957,23.857,HARD,1.0,3.0,1,True,False,14.0,2023,Bahrain
ALB,28.0,97.503,30.968,42.567,23.968,HARD,2.0,3.0,1,False,False,13.0,2023,Bahrain
ALB,29.0,98.127,31.1,43.034,23.993,HARD,3.0,3.0,1,False,False,12.0,2023,Bahrain
ALB,30.0,97.931,31.11,42.857,23.964,HARD,4.0,3.0,1,False,False,12.0,2023,Bahrain
ALB,31.0,98.104,31.211,42.963,23.93,HARD,5.0,3.0,1,False,False,11.0,2023,Bahrain
ALB,32.0,97.919,31.133,42.843,23.943,HARD,6.0,3.0,1,False,False,11.0,2023,Bahrain
ALB,33.0,98.104,31.165,42.921,24.018,HARD,7.0,3.0,1,False,False,10.0,2023,Bahrain
ALB,34.0,97.961,31.19,42.832,23.939,HARD,8.0,3.0,1,False,False,10.0,2023,Bahrain
ALB,35.0,97.984,31.113,42.921,23.95,HARD,9.0,3.0,1,False,False,10.0,2023,Bahrain
ALB,36.0,98.176,31.233,42.956,23.987,HARD,10.0,3.0,1,False,False,10.0,2023,Bahrain
ALB,37.0,98.038,31.265,42.801,23.972,HARD,11.0,3.0,1,False,False,10.0,2023,Bahrain
ALB,38.0,98.33,31.372,42.907,24.051,HARD,12.0,3.0,1,False,False,10.0,2023,Bahrain
ALB,39.0,98.346,31.401,42.884,24.061,HARD,13.0,3.0,1,False,False,10.0,2023,Bahrain
ALB,40.0,110.177,31.353,42.999,35.825,HARD,14.0,3.0,126,False,True,9.0,2023,Bahrain
ALB,41.0,128.659,59.22,45.873,23.566,SOFT,1.0,4.0,671,True,False,9.0,2023,Bahrain
ALB,42.0,97.211,31.062,42.485,23.664,SOFT,2.0,4.0,1,False,False,10.0,2023,Bahrain
ALB,43.0,97.144,30.767,42.589,23.788,SOFT,3.0,4.0,1,False,False,10.0,2023,Bahrain
ALB,44.0,97.327,30.953,42.567,23.807,SOFT,4.0,4.0,1,False,False,10.0,2023,Bahrain
ALB,45.0,97.503,31.121,42.624,23.758,SOFT,5.0,4.0,1,False,False,10.0,2023,Bahrain
ALB,46.0,97.577,31.025,42.764,23.788,SOFT,6.0,4.0,1,False,False,10.0,2023,Bahrain
ALB,47.0,97.545,31.048,42.675,23.822,SOFT,7.0,4.0,1,False,False,10.0,2023,Bahrain
ALB,48.0,97.684,31.112,42.713,23.859,SOFT,8.0,4.0,1,False,False,10.0,2023,Bahrain
ALB,49.0,97.609,31.051,42.726,23.832,SOFT,9.0,4.0,1,False,False,10.0,2023,Bahrain
ALB,50.0,97.695,31.087,42.703,23.905,SOFT,10.0,4.0,1,False,False,10.0,2023,Bahrain
ALB,51.0,97.727,31.157,42.662,23.908,SOFT,11.0,4.0,1,False,False,10.0,2023,Bahrain
ALB,52.0,97.861,31.11,42.907,23.844,SOFT,12.0,4.0,1,False,False,10.0,2023,Bahrain
ALB,53.0,97.778,31.109,42.799,23.87,SOFT,13.0,4.0,1,False,False,10.0,2023,Bahrain
ALB,54.0,97.78,31.074,42.796,23.91,SOFT,14.0,4.0,1,False,False,10.0,2023,Bahrain
ALB,55.0,97.803,31.113,42.777,23.913,SOFT,15.0,4.0,1,False,False,10.0,2023,Bahrain
ALB,56.0,98.159,31.157,42.905,24.097,SOFT,16.0,4.0,1,False,False,10.0,2023,Bahrain
ALB,57.0,98.137,31.128,42.928,24.081,SOFT,17.0,4.0,1,False,False,10.0,2023,Bahrain
ZHO,1.0,108.467,,45.972,24.736,SOFT,1.0,1.0,12,False,False,17.0,2023,Bahrain
ZHO,2.0,101.091,32.232,44.025,24.834,SOFT,2.0,1.0,21,False,False,17.0,2023,Bahrain
ZHO,3.0,100.596,31.73,44.033,24.833,SOFT,3.0,1.0,1,False,False,17.0,2023,Bahrain
ZHO,4.0,100.853,31.457,44.6,24.796,SOFT,4.0,1.0,1,False,False,17.0,2023,Bahrain
ZHO,5.0,100.814,31.58,44.334,24.9,SOFT,5.0,1.0,1,False,False,17.0,2023,Bahrain
ZHO,6.0,101.156,31.782,44.431,24.943,SOFT,6.0,1.0,1,False,False,17.0,2023,Bahrain
ZHO,7.0,101.197,31.609,44.554,25.034,SOFT,7.0,1.0,1,False,False,17.0,2023,Bahrain
ZHO,8.0,101.184,31.722,44.39,25.072,SOFT,8.0,1.0,1,False,False,17.0,2023,Bahrain
ZHO,9.0,101.526,31.73,44.682,25.114,SOFT,9.0,1.0,1,False,False,17.0,2023,Bahrain
ZHO,10.0,101.743,31.833,44.623,25.287,SOFT,10.0,1.0,1,False,False,17.0,2023,Bahrain
ZHO,11.0,102.108,32.197,44.947,24.964,SOFT,11.0,1.0,1,False,False,14.0,2023,Bahrain
ZHO,12.0,103.87,32.015,44.178,27.677,SOFT,12.0,1.0,1,False,True,12.0,2023,Bahrain
ZHO,13.0,122.101,54.117,43.596,24.388,HARD,1.0,2.0,1,True,False,20.0,2023,Bahrain
ZHO,14.0,99.33,31.335,43.564,24.431,HARD,2.0,2.0,1,False,False,19.0,2023,Bahrain
ZHO,15.0,99.229,31.385,43.353,24.491,HARD,3.0,2.0,1,False,False,19.0,2023,Bahrain
ZHO,16.0,98.998,31.133,43.302,24.563,HARD,4.0,2.0,1,False,False,17.0,2023,Bahrain
ZHO,17.0,99.143,31.399,43.248,24.496,HARD,5.0,2.0,1,False,False,17.0,2023,Bahrain
ZHO,18.0,98.873,31.104,43.376,24.393,HARD,6.0,2.0,1,False,False,15.0,2023,Bahrain
ZHO,19.0,98.794,31.493,43.007,24.294,HARD,7.0,2.0,1,False,False,15.0,2023,Bahrain
ZHO,20.0,98.896,31.546,43.055,24.295,HARD,8.0,2.0,1,False,False,15.0,2023,Bahrain
ZHO,21.0,98.888,31.46,43.064,24.364,HARD,9.0,2.0,1,False,False,15.0,2023,Bahrain
ZHO,22.0,99.115,31.548000000000002,43.054,24.513,HARD,10.0,2.0,1,False,False,15.0,2023,Bahrain
ZHO,23.0,99.462,31.41,43.384,24.668,HARD,11.0,2.0,1,False,False,15.0,2023,Bahrain
ZHO,24.0,99.503,31.448,43.537,24.518,HARD,12.0,2.0,1,False,False,15.0,2023,Bahrain
ZHO,25.0,99.066,31.337,43.38,24.349,HARD,13.0,2.0,1,False,False,14.0,2023,Bahrain
ZHO,26.0,99.427,31.674,43.349,24.404,HARD,14.0,2.0,1,False,False,13.0,2023,Bahrain
ZHO,27.0,99.235,31.58,43.319,24.336,HARD,15.0,2.0,1,False,False,11.0,2023,Bahrain
ZHO,28.0,99.412,31.717,43.311,24.384,HARD,16.0,2.0,1,False,False,11.0,2023,Bahrain
ZHO,29.0,99.361,31.669,43.346,24.346,HARD,17.0,2.0,1,False,False,11.0,2023,Bahrain
ZHO,30.0,99.382,31.741,43.19,24.451,HARD,18.0,2.0,1,False,False,9.0,2023,Bahrain
ZHO,31.0,99.67,31.824,43.5,24.346,HARD,19.0,2.0,1,False,False,9.0,2023,Bahrain
ZHO,32.0,102.096,31.82,43.189,27.087,HARD,20.0,2.0,1,False,True,10.0,2023,Bahrain
ZHO,33.0,119.659,53.038,42.807,23.814,SOFT,4.0,3.0,1,True,False,15.0,2023,Bahrain
ZHO,34.0,97.037,30.938,42.291,23.808,SOFT,5.0,3.0,1,False,False,15.0,2023,Bahrain
ZHO,35.0,97.55,31.122,42.475,23.953,SOFT,6.0,3.0,1,False,False,15.0,2023,Bahrain
ZHO,36.0,97.957,31.13,42.836,23.991,SOFT,7.0,3.0,1,False,False,15.0,2023,Bahrain
ZHO,37.0,98.003,31.256,42.848,23.899,SOFT,8.0,3.0,1,False,False,15.0,2023,Bahrain
ZHO,38.0,98.422,31.438,42.996,23.988,SOFT,9.0,3.0,1,False,False,15.0,2023,Bahrain
ZHO,39.0,98.368,31.471,42.79,24.107,SOFT,10.0,3.0,1,False,False,15.0,2023,Bahrain
ZHO,40.0,113.456,31.573,52.102,29.781,SOFT,11.0,3.0,126,False,False,14.0,2023,Bahrain
ZHO,41.0,112.5,44.129,44.401,23.97,SOFT,12.0,3.0,671,False,False,12.0,2023,Bahrain
ZHO,42.0,99.904,31.967,43.74,24.197,SOFT,13.0,3.0,1,False,False,13.0,2023,Bahrain
ZHO,43.0,98.311,31.159,43.152,24.0,SOFT,14.0,3.0,1,False,False,12.0,2023,Bahrain
ZHO,44.0,97.974,31.364,42.648,23.962,SOFT,15.0,3.0,1,False,False,12.0,2023,Bahrain
ZHO,45.0,97.95,31.334,42.678,23.938,SOFT,16.0,3.0,1,False,False,12.0,2023,Bahrain
ZHO,46.0,98.336,31.439,42.97,23.927,SOFT,17.0,3.0,1,False,False,12.0,2023,Bahrain
ZHO,47.0,99.553,32.022,43.31,24.221,SOFT,18.0,3.0,1,False,False,13.0,2023,Bahrain
ZHO,48.0,98.596,31.451,42.912,24.233,SOFT,19.0,3.0,1,False,False,13.0,2023,Bahrain
ZHO,49.0,98.628,31.475,42.942,24.211,SOFT,20.0,3.0,1,False,False,13.0,2023,Bahrain
ZHO,50.0,99.893,31.561,42.916,25.416,SOFT,21.0,3.0,1,False,False,13.0,2023,Bahrain
ZHO,51.0,98.719,31.663,42.921,24.135,SOFT,22.0,3.0,1,False,False,13.0,2023,Bahrain
ZHO,52.0,98.713,31.522,42.936,24.255,SOFT,23.0,3.0,1,False,False,13.0,2023,Bahrain
ZHO,53.0,98.634,31.452,43.01,24.172,SOFT,24.0,3.0,1,False,False,13.0,2023,Bahrain
ZHO,54.0,101.967,31.543,43.359,27.065,SOFT,25.0,3.0,1,False,True,13.0,2023,Bahrain
ZHO,55.0,127.673,58.478,44.129,25.066,SOFT,4.0,4.0,1,True,False,16.0,2023,Bahrain
ZHO,56.0,93.996,30.183,40.533,23.28,SOFT,5.0,4.0,1,False,False,16.0,2023,Bahrain
HUL,1.0,107.339,,45.924,24.741,SOFT,4.0,1.0,12,False,False,14.0,2023,Bahrain
HUL,2.0,100.72,31.78,44.191,24.749,SOFT,5.0,1.0,21,False,False,14.0,2023,Bahrain
HUL,3.0,100.484,31.671,43.801,25.012,SOFT,6.0,1.0,1,False,False,14.0,2023,Bahrain
HUL,4.0,101.004,32.225,43.817,24.962,SOFT,7.0,1.0,1,False,False,15.0,2023,Bahrain
HUL,5.0,101.002,31.56,44.453,24.989,SOFT,8.0,1.0,1,False,False,15.0,2023,Bahrain
HUL,6.0,101.002,31.566,44.338,25.098,SOFT,9.0,1.0,1,False,False,15.0,2023,Bahrain
HUL,7.0,101.148,31.575,44.33,25.243,SOFT,10.0,1.0,1,False,False,15.0,2023,Bahrain
HUL,8.0,101.249,31.819,44.221,25.209,SOFT,11.0,1.0,1,False,False,15.0,2023,Bahrain
HUL,9.0,101.615,32.117,44.419,25.079,SOFT,12.0,1.0,1,False,False,15.0,2023,Bahrain
HUL,10.0,102.252,32.095,44.673,25.484,SOFT,13.0,1.0,1,False,False,15.0,2023,Bahrain
HUL,11.0,106.79,32.73,45.759,28.301,SOFT,14.0,1.0,1,False,True,16.0,2023,Bahrain
HUL,12.0,122.579,54.5,43.599,24.48,HARD,1.0,2.0,1,True,False,20.0,2023,Bahrain
HUL,13.0,99.406,31.504,43.055,24.847,HARD,2.0,2.0,1,False,False,19.0,2023,Bahrain
HUL,14.0,98.847,31.291,43.147,24.409,HARD,3.0,2.0,1,False,False,18.0,2023,Bahrain
HUL,15.0,98.972,31.408,43.081,24.483,HARD,4.0,2.0,1,False,False,18.0,2023,Bahrain
HUL,16.0,99.136,31.437,43.257,24.442,HARD,5.0,2.0,1,False,False,16.0,2023,Bahrain
HUL,17.0,99.396,31.458,43.372,24.566,HARD,6.0,2.0,1,False,False,16.0,2023,Bahrain
HUL,18.0,100.323,32.119,43.519,24.685,HARD,7.0,2.0,1,False,False,16.0,2023,Bahrain
HUL,19.0,99.633,31.771,43.31,24.552,HARD,8.0,2.0,1,False,False,16.0,2023,Bahrain
HUL,20.0,99.495,31.592,43.273,24.63,HARD,9.0,2.0,1,False,False,16.0,2023,Bahrain
HUL,21.0,99.703,31.669,43.393,24.641,HARD,10.0,2.0,1,False,False,16.0,2023,Bahrain
HUL,22.0,99.934,31.837,43.443,24.654,HARD,11.0,2.0,1,False,False,16.0,2023,Bahrain
HUL,23.0,99.866,31.733,43.474,24.659,HARD,12.0,2.0,1,False,False,16.0,2023,Bahrain
HUL,24.0,99.855,31.809,43.418,24.628,HARD,13.0,2.0,1,False,False,16.0,2023,Bahrain
HUL,25.0,100.295,31.869,43.869,24.557,HARD,14.0,2.0,1,False,False,16.0,2023,Bahrain
HUL,26.0,102.931,31.744,43.635,27.552,HARD,15.0,2.0,1,False,True,16.0,2023,Bahrain
HUL,27.0,132.037,65.552,42.412,24.073,HARD,1.0,3.0,1,True,False,19.0,2023,Bahrain
HUL,28.0,96.981,30.875,42.048,24.058,HARD,2.0,3.0,1,False,False,18.0,2023,Bahrain
HUL,29.0,97.398,30.954,42.329,24.115,HARD,3.0,3.0,1,False,False,18.0,2023,Bahrain
HUL,30.0,97.617,31.178,42.467,23.972,HARD,4.0,3.0,1,False,False,18.0,2023,Bahrain
HUL,31.0,97.891,31.175,42.637,24.079,HARD,5.0,3.0,1,False,False,18.0,2023,Bahrain
HUL,32.0,97.806,31.11,42.524,24.172,HARD,6.0,3.0,1,False,False,17.0,2023,Bahrain
HUL,33.0,97.761,31.187,42.427,24.147,HARD,7.0,3.0,1,False,False,17.0,2023,Bahrain
HUL,34.0,97.895,31.192,42.592,24.111,HARD,8.0,3.0,1,False,False,17.0,2023,Bahrain
HUL,35.0,98.093,31.363,42.614,24.116,HARD,9.0,3.0,1,False,False,17.0,2023,Bahrain
HUL,36.0,98.245,31.451,42.707,24.087,HARD,10.0,3.0,1,False,False,17.0,2023,Bahrain
HUL,37.0,98.108,31.452,42.558,24.098,HARD,11.0,3.0,1,False,False,17.0,2023,Bahrain
HUL,38.0,98.191,31.377,42.608,24.206,HARD,12.0,3.0,1,False,False,17.0,2023,Bahrain
HUL,39.0,98.184,31.355,42.622,24.207,HARD,13.0,3.0,1,False,False,17.0,2023,Bahrain
HUL,40.0,118.689,31.463,52.06,35.166,HARD,14.0,3.0,126,False,True,16.0,2023,Bahrain
HUL,41.0,125.275,56.839,44.428,24.008,SOFT,4.0,4.0,671,True,False,16.0,2023,Bahrain
HUL,42.0,96.616,30.788,42.011,23.817,SOFT,5.0,4.0,1,False,False,16.0,2023,Bahrain
HUL,43.0,96.793,30.915,41.855,24.023,SOFT,6.0,4.0,1,False,False,16.0,2023,Bahrain
HUL,44.0,97.076,30.941,42.199,23.936,SOFT,7.0,4.0,1,False,False,16.0,2023,Bahrain
HUL,45.0,97.314,31.074,42.194,24.046,SOFT,8.0,4.0,1,False,False,16.0,2023,Bahrain
HUL,46.0,99.972,30.962,44.939,24.071,SOFT,9.0,4.0,1,False,False,16.0,2023,Bahrain
HUL,47.0,96.806,30.895,42.035,23.876,SOFT,10.0,4.0,1,False,False,16.0,2023,Bahrain
HUL,48.0,97.086,31.014,42.126,23.946,SOFT,11.0,4.0,1,False,False,16.0,2023,Bahrain
HUL,49.0,97.077,31.069,42.073,23.935,SOFT,12.0,4.0,1,False,False,16.0,2023,Bahrain
HUL,50.0,97.242,31.081,42.064,24.097,SOFT,13.0,4.0,1,False,False,16.0,2023,Bahrain
HUL,51.0,97.306,31.116,42.192,23.998,SOFT,14.0,4.0,1,False,False,16.0,2023,Bahrain
HUL,52.0,97.917,31.146,42.515,24.256,SOFT,15.0,4.0,1,False,False,16.0,2023,Bahrain
HUL,53.0,98.067,31.267,42.619,24.181,SOFT,16.0,4.0,1,False,False,16.0,2023,Bahrain
HUL,54.0,98.458,31.303,42.713,24.442,SOFT,17.0,4.0,1,False,False,16.0,2023,Bahrain
HUL,55.0,98.564,31.42,42.876,24.268,SOFT,18.0,4.0,1,False,False,15.0,2023,Bahrain
HUL,56.0,99.206,31.66,42.973,24.573,SOFT,19.0,4.0,1,False,False,15.0,2023,Bahrain
OCO,1.0,105.967,,45.213,24.698,SOFT,4.0,1.0,12,False,False,11.0,2023,Bahrain
OCO,2.0,100.408,31.783,43.896,24.729,SOFT,5.0,1.0,21,False,False,11.0,2023,Bahrain
OCO,3.0,99.948,31.547,43.662,24.739,SOFT,6.0,1.0,1,False,False,11.0,2023,Bahrain
OCO,4.0,99.543,31.349,43.518,24.676,SOFT,7.0,1.0,1,False,False,10.0,2023,Bahrain
OCO,5.0,100.281,31.709,43.727,24.845,SOFT,8.0,1.0,1,False,False,10.0,2023,Bahrain
OCO,6.0,100.331,31.767,43.724,24.84,SOFT,9.0,1.0,1,False,False,10.0,2023,Bahrain
OCO,7.0,100.488,31.819,43.773,24.896,SOFT,10.0,1.0,1,False,False,10.0,2023,Bahrain
OCO,8.0,100.562,31.873,43.836,24.853,SOFT,11.0,1.0,1,False,False,10.0,2023,Bahrain
OCO,9.0,100.866,31.957,44.034,24.875,SOFT,12.0,1.0,1,False,False,10.0,2023,Bahrain
OCO,10.0,100.858,31.918,43.957,24.983,SOFT,13.0,1.0,1,False,False,10.0,2023,Bahrain
OCO,11.0,101.035,32.006,44.056,24.973,SOFT,14.0,1.0,1,False,False,10.0,2023,Bahrain
OCO,12.0,103.787,32.034,44.101,27.652,SOFT,15.0,1.0,1,False,True,9.0,2023,Bahrain
OCO,13.0,120.381,53.451,42.674,24.256,HARD,1.0,2.0,1,True,False,12.0,2023,Bahrain
OCO,14.0,98.649,31.163,43.16,24.326,HARD,2.0,2.0,1,False,False,12.0,2023,Bahrain
OCO,15.0,101.863,31.363,43.264,27.236,HARD,3.0,2.0,1,False,True,13.0,2023,Bahrain
OCO,16.0,135.708,68.689,42.863,24.156,HARD,4.0,3.0,1,True,False,19.0,2023,Bahrain
OCO,17.0,98.78,31.538,43.002,24.24,HARD,5.0,3.0,1,False,False,19.0,2023,Bahrain
OCO,18.0,98.886,31.576999999999998,43.055,24.254,HARD,6.0,3.0,1,False,False,18.0,2023,Bahrain
OCO,19.0,98.817,31.651,42.936,24.23,HARD,7.0,3.0,1,False,False,18.0,2023,Bahrain
OCO,20.0,98.809,31.605,43.024,24.18,HARD,8.0,3.0,1,False,False,18.0,2023,Bahrain
OCO,21.0,98.976,31.634,43.064,24.278,HARD,9.0,3.0,1,False,False,18.0,2023,Bahrain
OCO,22.0,99.028,31.568,43.193,24.267,HARD,10.0,3.0,1,False,False,18.0,2023,Bahrain
OCO,23.0,100.052,32.119,43.443,24.49,HARD,11.0,3.0,1,False,False,19.0,2023,Bahrain
OCO,24.0,99.382,31.661,43.286,24.435,HARD,12.0,3.0,1,False,False,19.0,2023,Bahrain
OCO,25.0,99.435,31.667,43.405,24.363,HARD,13.0,3.0,1,False,False,19.0,2023,Bahrain
OCO,26.0,99.521,31.669,43.437,24.415,HARD,14.0,3.0,1,False,False,19.0,2023,Bahrain
OCO,27.0,99.594,31.711,43.443,24.44,HARD,15.0,3.0,1,False,False,18.0,2023,Bahrain
OCO,28.0,100.026,31.826,43.747,24.453,HARD,16.0,3.0,1,False,False,17.0,2023,Bahrain
OCO,29.0,101.181,31.685,44.908,24.588,HARD,17.0,3.0,1,False,False,17.0,2023,Bahrain
OCO,30.0,99.757,31.696,43.535,24.526,HARD,18.0,3.0,1,False,False,16.0,2023,Bahrain
OCO,31.0,99.748,31.748,43.573,24.427,HARD,19.0,3.0,1,False,False,16.0,2023,Bahrain
OCO,32.0,104.296,31.727,43.947,28.622,HARD,20.0,3.0,1,False,True,18.0,2023,Bahrain
OCO,33.0,138.694,72.748,42.304,23.642,HARD,1.0,4.0,1,True,False,19.0,2023,Bahrain
OCO,34.0,96.797,30.92,42.107,23.77,HARD,2.0,4.0,1,False,False,19.0,2023,Bahrain
OCO,35.0,96.964,31.041,42.199,23.724,HARD,3.0,4.0,1,False,False,19.0,2023,Bahrain
OCO,36.0,97.364,31.036,42.488,23.84,HARD,4.0,4.0,1,False,False,19.0,2023,Bahrain
OCO,37.0,97.338,31.098,42.381,23.859,HARD,5.0,4.0,1,False,False,19.0,2023,Bahrain
OCO,38.0,97.216,31.045,42.382,23.789,HARD,6.0,4.0,1,False,False,18.0,2023,Bahrain
OCO,39.0,97.523,31.243,42.389,23.891,HARD,7.0,4.0,12,False,False,18.0,2023,Bahrain
OCO,40.0,128.023,40.89,57.691,29.442,HARD,8.0,4.0,2671,False,False,17.0,2023,Bahrain
OCO,41.0,102.684,31.234,42.177,29.273,HARD,9.0,4.0,1,False,True,17.0,2023,Bahrain
NOR,1.0,105.364,,44.789,24.561,SOFT,1.0,1.0,12,False,False,10.0,2023,Bahrain
NOR,2.0,100.433,31.867,43.83,24.736,SOFT,2.0,1.0,21,False,False,10.0,2023,Bahrain
NOR,3.0,99.777,31.627,43.448,24.701999999999998,SOFT,3.0,1.0,1,False,False,10.0,2023,Bahrain
NOR,4.0,102.267,32.947,44.387,24.933,SOFT,4.0,1.0,1,False,False,12.0,2023,Bahrain
NOR,5.0,100.664,32.022,43.875,24.767,SOFT,5.0,1.0,1,False,False,12.0,2023,Bahrain
NOR,6.0,100.814,31.98,44.01,24.824,SOFT,6.0,1.0,1,False,False,12.0,2023,Bahrain
NOR,7.0,100.726,31.923000000000002,43.89,24.913,SOFT,7.0,1.0,1,False,False,12.0,2023,Bahrain
NOR,8.0,100.857,32.024,43.869,24.964,SOFT,8.0,1.0,1,False,False,12.0,2023,Bahrain
NOR,9.0,100.783,31.843,43.98,24.96,SOFT,9.0,1.0,1,False,False,12.0,2023,Bahrain
NOR,10.0,103.521,31.762,44.097,27.662,SOFT,10.0,1.0,1,False,True,13.0,2023,Bahrain
NOR,11.0,129.886,61.49,43.939,24.457,HARD,1.0,2.0,1,True,False,20.0,2023,Bahrain
NOR,12.0,99.314,31.825,43.134,24.355,HARD,2.0,2.0,1,False,False,18.0,2023,Bahrain
NOR,13.0,99.51,31.74,43.246,24.524,HARD,3.0,2.0,1,False,False,17.0,2023,Bahrain
NOR,14.0,99.243,31.728,43.15,24.365,HARD,4.0,2.0,1,False,False,16.0,2023,Bahrain
NOR,15.0,98.87,31.562,42.936,24.372,HARD,5.0,2.0,1,False,False,16.0,2023,Bahrain
NOR,16.0,98.86,31.537,42.928,24.395,HARD,6.0,2.0,1,False,False,14.0,2023,Bahrain
NOR,17.0,101.501,31.573,42.806,27.122,HARD,7.0,2.0,1,False,True,15.0,2023,Bahrain
NOR,18.0,128.607,60.993,43.457,24.157,SOFT,4.0,3.0,1,True,False,19.0,2023,Bahrain
NOR,19.0,97.966,31.206,42.704,24.056,SOFT,5.0,3.0,1,False,False,19.0,2023,Bahrain
NOR,20.0,98.345,31.318,42.762,24.265,SOFT,6.0,3.0,1,False,False,19.0,2023,Bahrain
NOR,21.0,98.297,31.319,42.673,24.305,SOFT,7.0,3.0,1,False,False,19.0,2023,Bahrain
NOR,22.0,98.908,31.306,43.305,24.297,SOFT,8.0,3.0,1,False,False,19.0,2023,Bahrain
NOR,23.0,98.291,31.283,42.726,24.282,SOFT,9.0,3.0,1,False,False,18.0,2023,Bahrain
NOR,24.0,98.696,31.468,42.973,24.255,SOFT,10.0,3.0,1,False,False,18.0,2023,Bahrain
NOR,25.0,98.447,31.438,42.732,24.277,SOFT,11.0,3.0,1,False,False,18.0,2023,Bahrain
NOR,26.0,98.44,31.441,42.713,24.286,SOFT,12.0,3.0,1,False,False,18.0,2023,Bahrain
NOR,27.0,100.973,31.514,42.723,26.736,SOFT,13.0,3.0,1,False,True,17.0,2023,Bahrain
NOR,28.0,127.663,61.171,42.498,23.994,MEDIUM,1.0,4.0,1,True,False,19.0,2023,Bahrain
NOR,29.0,97.26,31.144,42.226,23.89,MEDIUM,2.0,4.0,1,False,False,19.0,2023,Bahrain
NOR,30.0,97.605,31.235,42.354,24.016,MEDIUM,3.0,4.0,1,False,False,19.0,2023,Bahrain
NOR,31.0,97.768,31.174,42.459,24.135,MEDIUM,4.0,4.0,1,False,False,19.0,2023,Bahrain
NOR,32.0,98.111,31.113,42.775,24.223,MEDIUM,5.0,4.0,1,False,False,19.0,2023,Bahrain
NOR,33.0,97.52,30.999,42.476,24.045,MEDIUM,6.0,4.0,1,False,False,18.0,2023,Bahrain
NOR,34.0,97.987,31.333,42.606,24.048,MEDIUM,7.0,4.0,1,False,False,18.0,2023,Bahrain
NOR,35.0,97.87,31.336,42.535,23.999,MEDIUM,8.0,4.0,1,False,False,18.0,2023,Bahrain
NOR,36.0,99.886,32.216,43.423,24.247,MEDIUM,9.0,4.0,1,False,False,18.0,2023,Bahrain
NOR,37.0,100.197,31.376,42.461,26.36,MEDIUM,10.0,4.0,1,False,True,18.0,2023,Bahrain
NOR,38.0,128.682,62.477,42.444,23.761,HARD,1.0,5.0,1,True,False,19.0,2023,Bahrain
NOR,39.0,98.347,30.941,43.025,24.381,HARD,2.0,5.0,12,False,False,19.0,2023,Bahrain
NOR,40.0,127.97,42.446,57.862,27.662,HARD,3.0,5.0,2671,False,False,18.0,2023,Bahrain
NOR,41.0,96.705,31.101,41.67,23.934,HARD,4.0,5.0,1,False,False,18.0,2023,Bahrain
NOR,42.0,96.668,30.948,41.864,23.856,HARD,5.0,5.0,1,False,False,17.0,2023,Bahrain
NOR,43.0,96.687,30.898,41.964,23.825,HARD,6.0,5.0,1,False,False,17.0,2023,Bahrain
NOR,44.0,97.219,30.936,42.401,23.882,HARD,7.0,5.0,1,False,False,17.0,2023,Bahrain
NOR,45.0,97.426,31.112,42.179,24.135,HARD,8.0,5.0,1,False,False,17.0,2023,Bahrain
NOR,46.0,97.656,31.106,42.351,24.199,HARD,9.0,5.0,1,False,False,17.0,2023,Bahrain
NOR,47.0,100.433,30.951,42.71,26.772,HARD,10.0,5.0,1,False,True,17.0,2023,Bahrain
NOR,48.0,126.905,59.26,43.221,24.424,SOFT,5.0,6.0,1,True,False,17.0,2023,Bahrain
NOR,49.0,99.08,31.867,42.987,24.226,SOFT,6.0,6.0,1,False,False,17.0,2023,Bahrain
NOR,50.0,95.257,30.533,41.13,23.594,SOFT,7.0,6.0,1,False,False,17.0,2023,Bahrain
NOR,51.0,95.822,30.749,41.366,23.707,SOFT,8.0,6.0,1,False,False,17.0,2023,Bahrain
NOR,52.0,96.152,30.747,41.651,23.754,SOFT,9.0,6.0,1,False,False,17.0,2023,Bahrain
NOR,53.0,96.5,30.909,41.607,23.984,SOFT,10.0,6.0,1,False,False,17.0,2023,Bahrain
NOR,54.0,99.789,30.938,42.162,26.689,SOFT,11.0,6.0,1,False,True,17.0,2023,Bahrain
NOR,55.0,124.847,59.558,41.73,23.559,SOFT,7.0,7.0,1,True,False,17.0,2023,Bahrain
HAM,1.0,102.288,,43.494,24.338,SOFT,4.0,1.0,12,False,False,5.0,2023,Bahrain
HAM,2.0,99.166,31.408,43.352,24.406,SOFT,5.0,1.0,21,False,False,5.0,2023,Bahrain
HAM,3.0,99.22,31.298,43.499,24.423,SOFT,6.0,1.0,1,False,False,5.0,2023,Bahrain
HAM,4.0,99.198,31.315,43.446,24.437,SOFT,7.0,1.0,1,False,False,5.0,2023,Bahrain
HAM,5.0,99.335,31.35,43.508,24.477,SOFT,8.0,1.0,1,False,False,5.0,2023,Bahrain
HAM,6.0,99.756,31.434,43.751,24.571,SOFT,9.0,1.0,1,False,False,5.0,2023,Bahrain
HAM,7.0,99.757,31.48,43.664,24.613,SOFT,10.0,1.0,1,False,False,5.0,2023,Bahrain
HAM,8.0,100.267,31.718,43.82,24.729,SOFT,11.0,1.0,1,False,False,5.0,2023,Bahrain
HAM,9.0,100.323,31.893,43.776,24.654,SOFT,12.0,1.0,1,False,False,5.0,2023,Bahrain
HAM,10.0,100.289,31.649,43.985,24.655,SOFT,13.0,1.0,1,False,False,5.0,2023,Bahrain
HAM,11.0,100.752,31.823,44.205,24.724,SOFT,14.0,1.0,1,False,False,5.0,2023,Bahrain
HAM,12.0,103.336,31.821,44.259,27.256,SOFT,15.0,1.0,1,False,True,7.0,2023,Bahrain
HAM,13.0,119.179,52.819,42.559,23.801,HARD,1.0,2.0,1,True,False,8.0,2023,Bahrain
HAM,14.0,98.308,30.783,43.351,24.174,HARD,2.0,2.0,1,False,False,7.0,2023,Bahrain
HAM,15.0,98.527,31.23,43.259,24.038,HARD,3.0,2.0,1,False,False,6.0,2023,Bahrain
HAM,16.0,98.617,31.162,43.414,24.041,HARD,4.0,2.0,1,False,False,5.0,2023,Bahrain
HAM,17.0,98.704,31.16,43.372,24.172,HARD,5.0,2.0,1,False,False,5.0,2023,Bahrain
HAM,18.0,98.69,31.263,43.262,24.165,HARD,6.0,2.0,1,False,False,5.0,2023,Bahrain
HAM,19.0,98.684,31.294,43.297,24.093,HARD,7.0,2.0,1,False,False,5.0,2023,Bahrain
HAM,20.0,98.478,31.163,43.227,24.088,HARD,8.0,2.0,1,False,False,5.0,2023,Bahrain
HAM,21.0,98.581,31.151,43.35,24.08,HARD,9.0,2.0,1,False,False,5.0,2023,Bahrain
HAM,22.0,98.46,31.336,43.109,24.015,HARD,10.0,2.0,1,False,False,5.0,2023,Bahrain
HAM,23.0,98.384,31.164,43.21,24.01,HARD,11.0,2.0,1,False,False,5.0,2023,Bahrain
HAM,24.0,98.367,31.202,43.079,24.086,HARD,12.0,2.0,1,False,False,5.0,2023,Bahrain
HAM,25.0,98.29,31.209,42.97,24.111,HARD,13.0,2.0,1,False,False,5.0,2023,Bahrain
HAM,26.0,98.339,31.345,42.89,24.104,HARD,14.0,2.0,1,False,False,5.0,2023,Bahrain
HAM,27.0,98.369,31.379,42.864,24.126,HARD,15.0,2.0,1,False,False,5.0,2023,Bahrain
HAM,28.0,98.265,31.232,42.845,24.188,HARD,16.0,2.0,1,False,False,5.0,2023,Bahrain
HAM,29.0,98.38,31.319,42.914,24.147,HARD,17.0,2.0,1,False,False,5.0,2023,Bahrain
HAM,30.0,101.175,31.375,42.964,26.836,HARD,18.0,2.0,1,False,True,6.0,2023,Bahrain
HAM,31.0,119.503,52.363,43.477,23.663,HARD,1.0,3.0,1,True,False,7.0,2023,Bahrain
HAM,32.0,97.563,30.795,42.982,23.786,HARD,2.0,3.0,1,False,False,6.0,2023,Bahrain
HAM,33.0,97.549,30.882,42.999,23.668,HARD,3.0,3.0,1,False,False,6.0,2023,Bahrain
HAM,34.0,98.135,30.81,43.571,23.754,HARD,4.0,3.0,1,False,False,6.0,2023,Bahrain
HAM,35.0,96.831,30.798000000000002,42.403,23.63,HARD,5.0,3.0,1,False,False,5.0,2023,Bahrain
HAM,36.0,96.546,30.869,42.013,23.664,HARD,6.0,3.0,1,False,False,5.0,2023,Bahrain
HAM,37.0,97.388,31.413,42.243,23.732,HARD,7.0,3.0,1,False,False,5.0,2023,Bahrain
HAM,38.0,98.304,31.05,43.267,23.987,HARD,8.0,3.0,1,False,False,6.0,2023,Bahrain
HAM,39.0,97.478,30.837,42.719,23.922,HARD,9.0,3.0,1,False,False,6.0,2023,Bahrain
HAM,40.0,97.494,30.768,42.806,23.92,HARD,10.0,3.0,12,False,False,5.0,2023,Bahrain
HAM,41.0,126.491,40.61,57.504,28.377,HARD,11.0,3.0,2671,False,False,5.0,2023,Bahrain
HAM,42.0,97.061,30.924,42.354,23.783,HARD,12.0,3.0,1,False,False,5.0,2023,Bahrain
HAM,43.0,97.111,30.89,42.235,23.986,HARD,13.0,3.0,1,False,False,5.0,2023,Bahrain
HAM,44.0,97.048,30.807,42.353,23.888,HARD,14.0,3.0,1,False,False,5.0,2023,Bahrain
HAM,45.0,97.661,30.902,42.666,24.093,HARD,15.0,3.0,1,False,False,5.0,2023,Bahrain
HAM,46.0,97.779,30.898,42.786,24.095,HARD,16.0,3.0,1,False,False,5.0,2023,Bahrain
HAM,47.0,98.517,31.32,43.157,24.04,HARD,17.0,3.0,1,False,False,5.0,2023,Bahrain
HAM,48.0,97.844,30.882,42.772,24.19,HARD,18.0,3.0,1,False,False,5.0,2023,Bahrain
HAM,49.0,97.954,30.947,42.945,24.062,HARD,19.0,3.0,1,False,False,5.0,2023,Bahrain
HAM,50.0,97.77,30.824,42.711,24.235,HARD,20.0,3.0,1,False,False,5.0,2023,Bahrain
HAM,51.0,98.014,31.154,42.759,24.101,HARD,21.0,3.0,1,False,False,5.0,2023,Bahrain
HAM,52.0,97.803,31.107,42.69,24.006,HARD,22.0,3.0,1,False,False,5.0,2023,Bahrain
HAM,53.0,97.988,31.1,42.853,24.035,HARD,23.0,3.0,1,False,False,5.0,2023,Bahrain
HAM,54.0,98.076,31.14,42.838,24.098,HARD,24.0,3.0,1,False,False,5.0,2023,Bahrain
HAM,55.0,97.955,31.131,42.775,24.049,HARD,25.0,3.0,1,False,False,5.0,2023,Bahrain
HAM,56.0,98.111,31.227,42.824,24.06,HARD,26.0,3.0,1,False,False,5.0,2023,Bahrain
HAM,57.0,98.255,31.166,42.89,24.199,HARD,27.0,3.0,1,False,False,5.0,2023,Bahrain
SAI,1.0,101.659,,43.409,24.19,SOFT,4.0,1.0,12,False,False,4.0,2023,Bahrain
SAI,2.0,98.933,31.451,43.164,24.318,SOFT,5.0,1.0,21,False,False,4.0,2023,Bahrain
SAI,3.0,99.042,31.374,43.257,24.411,SOFT,6.0,1.0,1,False,False,4.0,2023,Bahrain
SAI,4.0,98.985,31.192,43.306,24.487,SOFT,7.0,1.0,1,False,False,4.0,2023,Bahrain
SAI,5.0,99.128,31.048,43.623,24.457,SOFT,8.0,1.0,1,False,False,4.0,2023,Bahrain
SAI,6.0,99.474,31.469,43.498,24.507,SOFT,9.0,1.0,1,False,False,4.0,2023,Bahrain
SAI,7.0,99.502,31.546,43.469,24.487,SOFT,10.0,1.0,1,False,False,4.0,2023,Bahrain
SAI,8.0,99.779,31.674,43.598,24.507,SOFT,11.0,1.0,1,False,False,4.0,2023,Bahrain
SAI,9.0,99.744,31.602,43.608,24.534,SOFT,12.0,1.0,1,False,False,4.0,2023,Bahrain
SAI,10.0,100.102,31.764,43.676,24.662,SOFT,13.0,1.0,1,False,False,4.0,2023,Bahrain
SAI,11.0,100.507,31.836,43.996,24.675,SOFT,14.0,1.0,1,False,False,4.0,2023,Bahrain
SAI,12.0,100.52,31.776,44.006,24.738,SOFT,15.0,1.0,1,False,False,4.0,2023,Bahrain
SAI,13.0,103.31,31.93,43.823,27.557,SOFT,16.0,1.0,1,False,True,4.0,2023,Bahrain
SAI,14.0,119.006,52.026,42.788,24.192,HARD,1.0,2.0,1,True,False,6.0,2023,Bahrain
SAI,15.0,97.985,31.107,42.86,24.018,HARD,2.0,2.0,1,False,False,5.0,2023,Bahrain
SAI,16.0,98.433,31.232,43.011,24.19,HARD,3.0,2.0,1,False,False,4.0,2023,Bahrain
SAI,17.0,98.161,31.234,42.911,24.016,HARD,4.0,2.0,1,False,False,4.0,2023,Bahrain
SAI,18.0,98.287,31.283,42.95,24.054,HARD,5.0,2.0,1,False,False,4.0,2023,Bahrain
SAI,19.0,98.21,31.208,42.939,24.063,HARD,6.0,2.0,1,False,False,4.0,2023,Bahrain
SAI,20.0,98.096,31.272,42.826,23.998,HARD,7.0,2.0,1,False,False,4.0,2023,Bahrain
SAI,21.0,98.24,31.305,42.957,23.978,HARD,8.0,2.0,1,False,False,4.0,2023,Bahrain
SAI,22.0,98.453,31.288,43.137,24.028,HARD,9.0,2.0,1,False,False,4.0,2023,Bahrain
SAI,23.0,98.597,31.483,43.147,23.967,HARD,10.0,2.0,1,False,False,4.0,2023,Bahrain
SAI,24.0,98.314,31.442,42.878,23.994,HARD,11.0,2.0,1,False,False,4.0,2023,Bahrain
SAI,25.0,98.571,31.282,43.172,24.117,HARD,12.0,2.0,1,False,False,4.0,2023,Bahrain
SAI,26.0,98.331,31.316,42.976,24.039,HARD,13.0,2.0,1,False,False,4.0,2023,Bahrain
SAI,27.0,98.423,31.448,42.994,23.981,HARD,14.0,2.0,1,False,False,4.0,2023,Bahrain
SAI,28.0,98.474,31.422,42.956,24.096,HARD,15.0,2.0,1,False,False,4.0,2023,Bahrain
SAI,29.0,98.55,31.436,42.983,24.131,HARD,16.0,2.0,1,False,False,4.0,2023,Bahrain
SAI,30.0,98.601,31.445,43.033,24.123,HARD,17.0,2.0,1,False,False,4.0,2023,Bahrain
SAI,31.0,101.274,31.438,43.032,26.804,HARD,18.0,2.0,1,False,True,4.0,2023,Bahrain
SAI,32.0,118.492,51.61,42.949,23.933,HARD,1.0,3.0,1,True,False,5.0,2023,Bahrain
SAI,33.0,97.548,31.27,42.65,23.628,HARD,2.0,3.0,1,False,False,5.0,2023,Bahrain
SAI,34.0,97.475,31.149,42.615,23.711,HARD,3.0,3.0,1,False,False,5.0,2023,Bahrain
SAI,35.0,97.441,31.161,42.601,23.679,HARD,4.0,3.0,1,False,False,4.0,2023,Bahrain
SAI,36.0,97.706,31.197,42.728,23.781,HARD,5.0,3.0,1,False,False,4.0,2023,Bahrain
SAI,37.0,97.13,31.018,42.443,23.669,HARD,6.0,3.0,1,False,False,4.0,2023,Bahrain
SAI,38.0,97.444,31.096,42.608,23.74,HARD,7.0,3.0,1,False,False,4.0,2023,Bahrain
SAI,39.0,97.403,31.044,42.593,23.766,HARD,8.0,3.0,1,False,False,4.0,2023,Bahrain
SAI,40.0,97.587,31.207,42.653,23.727,HARD,9.0,3.0,12,False,False,3.0,2023,Bahrain
SAI,41.0,126.436,39.595,57.789,29.052,HARD,10.0,3.0,2671,False,False,3.0,2023,Bahrain
SAI,42.0,97.375,31.107,42.449,23.819,HARD,11.0,3.0,1,False,False,3.0,2023,Bahrain
SAI,43.0,97.294,31.141,42.431,23.722,HARD,12.0,3.0,1,False,False,3.0,2023,Bahrain
SAI,44.0,97.389,31.2,42.482,23.707,HARD,13.0,3.0,1,False,False,3.0,2023,Bahrain
SAI,45.0,99.561,31.572,43.669,24.32,HARD,14.0,3.0,1,False,False,4.0,2023,Bahrain
SAI,46.0,97.844,30.975,42.701,24.168,HARD,15.0,3.0,1,False,False,4.0,2023,Bahrain
SAI,47.0,98.222,31.548000000000002,42.699,23.975,HARD,16.0,3.0,1,False,False,4.0,2023,Bahrain
SAI,48.0,97.897,31.407,42.577,23.913,HARD,17.0,3.0,1,False,False,4.0,2023,Bahrain
SAI,49.0,97.765,31.407,42.49,23.868,HARD,18.0,3.0,1,False,False,4.0,2023,Bahrain
SAI,50.0,97.604,31.261,42.436,23.907,HARD,19.0,3.0,1,False,False,4.0,2023,Bahrain
SAI,51.0,97.672,31.269,42.491,23.912,HARD,20.0,3.0,1,False,False,4.0,2023,Bahrain
SAI,52.0,97.49,31.184,42.381,23.925,HARD,21.0,3.0,1,False,False,4.0,2023,Bahrain
SAI,53.0,97.66,31.248,42.531,23.881,HARD,22.0,3.0,1,False,False,4.0,2023,Bahrain
SAI,54.0,97.694,31.234,42.543,23.917,HARD,23.0,3.0,1,False,False,4.0,2023,Bahrain
SAI,55.0,97.821,31.31,42.638,23.873,HARD,24.0,3.0,1,False,False,4.0,2023,Bahrain
SAI,56.0,98.126,31.403,42.736,23.987,HARD,25.0,3.0,1,False,False,4.0,2023,Bahrain
SAI,57.0,98.021,31.244,42.749,24.028,HARD,26.0,3.0,1,False,False,4.0,2023,Bahrain
RUS,1.0,102.662,,43.377,24.168,SOFT,4.0,1.0,12,False,False,6.0,2023,Bahrain
RUS,2.0,99.59,31.709,43.468,24.413,SOFT,5.0,1.0,21,False,False,6.0,2023,Bahrain
RUS,3.0,99.093,31.218,43.416,24.459,SOFT,6.0,1.0,1,False,False,6.0,2023,Bahrain
RUS,4.0,99.261,31.267,43.497,24.497,SOFT,7.0,1.0,1,False,False,6.0,2023,Bahrain
RUS,5.0,99.549,31.367,43.763,24.419,SOFT,8.0,1.0,1,False,False,6.0,2023,Bahrain
RUS,6.0,99.493,31.196,43.619,24.678,SOFT,9.0,1.0,1,False,False,6.0,2023,Bahrain
RUS,7.0,100.056,31.589,43.827,24.64,SOFT,10.0,1.0,1,False,False,6.0,2023,Bahrain
RUS,8.0,100.31,31.522,44.119,24.669,SOFT,11.0,1.0,1,False,False,6.0,2023,Bahrain
RUS,9.0,100.42,31.652,44.022,24.746,SOFT,12.0,1.0,1,False,False,6.0,2023,Bahrain
RUS,10.0,100.532,31.699,44.074,24.759,SOFT,13.0,1.0,1,False,False,6.0,2023,Bahrain
RUS,11.0,101.085,31.772,44.52,24.793,SOFT,14.0,1.0,1,False,False,6.0,2023,Bahrain
RUS,12.0,101.112,32.023,44.122,24.967,SOFT,15.0,1.0,1,False,False,5.0,2023,Bahrain
RUS,13.0,104.691,32.276,44.91,27.505,SOFT,16.0,1.0,1,False,True,7.0,2023,Bahrain
RUS,14.0,121.269,54.862,42.554,23.853,HARD,1.0,2.0,1,True,False,10.0,2023,Bahrain
RUS,15.0,97.46,30.812,42.616,24.032,HARD,2.0,2.0,1,False,False,9.0,2023,Bahrain
RUS,16.0,97.833,30.88,42.883,24.07,HARD,3.0,2.0,1,False,False,8.0,2023,Bahrain
RUS,17.0,98.604,30.903,43.462,24.239,HARD,4.0,2.0,1,False,False,8.0,2023,Bahrain
RUS,18.0,98.427,30.995,43.299,24.133,HARD,5.0,2.0,1,False,False,7.0,2023,Bahrain
RUS,19.0,98.512,31.276,43.188,24.048,HARD,6.0,2.0,1,False,False,7.0,2023,Bahrain
RUS,20.0,98.578,31.282,43.216,24.08,HARD,7.0,2.0,1,False,False,7.0,2023,Bahrain
RUS,21.0,98.555,31.287,43.084,24.184,HARD,8.0,2.0,1,False,False,7.0,2023,Bahrain
RUS,22.0,98.438,31.313,42.999,24.126,HARD,9.0,2.0,1,False,False,7.0,2023,Bahrain
RUS,23.0,98.773,31.278,43.405,24.09,HARD,10.0,2.0,1,False,False,7.0,2023,Bahrain
RUS,24.0,98.643,31.298,43.348,23.997,HARD,11.0,2.0,1,False,False,7.0,2023,Bahrain
RUS,25.0,98.487,31.311,43.056,24.12,HARD,12.0,2.0,1,False,False,7.0,2023,Bahrain
RUS,26.0,98.462,31.334,43.033,24.095,HARD,13.0,2.0,1,False,False,7.0,2023,Bahrain
RUS,27.0,98.625,31.393,43.152,24.08,HARD,14.0,2.0,1,False,False,7.0,2023,Bahrain
RUS,28.0,98.448,31.233,43.103,24.112,HARD,15.0,2.0,1,False,False,7.0,2023,Bahrain
RUS,29.0,98.792,31.476,43.264,24.052,HARD,16.0,2.0,1,False,False,7.0,2023,Bahrain
RUS,30.0,98.541,31.301,43.18,24.06,HARD,17.0,2.0,1,False,False,7.0,2023,Bahrain
RUS,31.0,101.035,31.353,43.015,26.667,HARD,18.0,2.0,1,False,True,6.0,2023,Bahrain
RUS,32.0,118.694,52.322,42.773,23.599,HARD,1.0,3.0,1,True,False,8.0,2023,Bahrain
RUS,33.0,97.221,30.915,42.756,23.55,HARD,2.0,3.0,1,False,False,8.0,2023,Bahrain
RUS,34.0,97.311,30.975,42.685,23.651,HARD,3.0,3.0,1,False,False,8.0,2023,Bahrain
RUS,35.0,97.592,30.949,42.96,23.683,HARD,4.0,3.0,1,False,False,8.0,2023,Bahrain
RUS,36.0,97.607,30.979,42.831,23.797,HARD,5.0,3.0,1,False,False,8.0,2023,Bahrain
RUS,37.0,97.822,31.049,43.002,23.771,HARD,6.0,3.0,1,False,False,8.0,2023,Bahrain
RUS,38.0,97.66,30.994,42.854,23.812,HARD,7.0,3.0,1,False,False,8.0,2023,Bahrain
RUS,39.0,97.495,30.971,42.712,23.812,HARD,8.0,3.0,1,False,False,8.0,2023,Bahrain
RUS,40.0,98.085,31.006,42.651,24.428,HARD,9.0,3.0,126,False,False,7.0,2023,Bahrain
RUS,41.0,126.293,46.011,56.1,24.182,HARD,10.0,3.0,671,False,False,7.0,2023,Bahrain
RUS,42.0,97.035,30.782,42.391,23.862,HARD,11.0,3.0,1,False,False,7.0,2023,Bahrain
RUS,43.0,97.48,30.954,42.679,23.847,HARD,12.0,3.0,1,False,False,7.0,2023,Bahrain
RUS,44.0,97.597,31.11,42.611,23.876,HARD,13.0,3.0,1,False,False,7.0,2023,Bahrain
RUS,45.0,97.316,30.892,42.59,23.834,HARD,14.0,3.0,1,False,False,7.0,2023,Bahrain
RUS,46.0,97.571,30.999,42.734,23.838,HARD,15.0,3.0,1,False,False,7.0,2023,Bahrain
RUS,47.0,97.432,31.049,42.436,23.947,HARD,16.0,3.0,1,False,False,7.0,2023,Bahrain
RUS,48.0,97.52,31.101,42.509,23.91,HARD,17.0,3.0,1,False,False,7.0,2023,Bahrain
RUS,49.0,97.718,31.097,42.623,23.998,HARD,18.0,3.0,1,False,False,7.0,2023,Bahrain
RUS,50.0,97.383,31.014,42.413,23.956,HARD,19.0,3.0,1,False,False,7.0,2023,Bahrain
RUS,51.0,97.825,31.187,42.705,23.933,HARD,20.0,3.0,1,False,False,7.0,2023,Bahrain
RUS,52.0,97.589,31.107,42.517,23.965,HARD,21.0,3.0,1,False,False,7.0,2023,Bahrain
RUS,53.0,97.841,31.065,42.707,24.069,HARD,22.0,3.0,1,False,False,7.0,2023,Bahrain
RUS,54.0,97.923,31.192,42.658,24.073,HARD,23.0,3.0,1,False,False,7.0,2023,Bahrain
RUS,55.0,97.86,31.118,42.621,24.121,HARD,24.0,3.0,1,False,False,7.0,2023,Bahrain
RUS,56.0,97.636,30.961,42.593,24.082,HARD,25.0,3.0,1,False,False,7.0,2023,Bahrain
RUS,57.0,97.767,31.077,42.54,24.15,HARD,26.0,3.0,1,False,False,7.0,2023,Bahrain
BOT,1.0,104.154,,43.757,24.573,SOFT,1.0,1.0,12,False,False,8.0,2023,Bahrain
BOT,2.0,99.956,31.722,43.495,24.739,SOFT,2.0,1.0,21,False,False,8.0,2023,Bahrain
BOT,3.0,99.397,31.428,43.378,24.591,SOFT,3.0,1.0,1,False,False,8.0,2023,Bahrain
BOT,4.0,99.823,31.568,43.543,24.712,SOFT,4.0,1.0,1,False,False,8.0,2023,Bahrain
BOT,5.0,101.033,32.204,44.132,24.697,SOFT,5.0,1.0,1,False,False,9.0,2023,Bahrain
BOT,6.0,100.265,31.687,43.789,24.789,SOFT,6.0,1.0,1,False,False,9.0,2023,Bahrain
BOT,7.0,100.564,31.983,43.92,24.661,SOFT,7.0,1.0,1,False,False,9.0,2023,Bahrain
BOT,8.0,100.387,31.864,43.791,24.732,SOFT,8.0,1.0,1,False,False,9.0,2023,Bahrain
BOT,9.0,100.275,31.936,43.661,24.678,SOFT,9.0,1.0,1,False,False,9.0,2023,Bahrain
BOT,10.0,100.676,31.929,43.981,24.766,SOFT,10.0,1.0,1,False,False,9.0,2023,Bahrain
BOT,11.0,103.269,31.926,43.791,27.552,SOFT,11.0,1.0,1,False,True,9.0,2023,Bahrain
BOT,12.0,119.45,52.921,42.49,24.039,HARD,1.0,2.0,1,True,False,14.0,2023,Bahrain
BOT,13.0,98.03,31.273,42.523,24.234,HARD,2.0,2.0,1,False,False,10.0,2023,Bahrain
BOT,14.0,98.098,31.122,42.799,24.177,HARD,3.0,2.0,1,False,False,8.0,2023,Bahrain
BOT,15.0,98.851,31.469,43.076,24.306,HARD,4.0,2.0,1,False,False,7.0,2023,Bahrain
BOT,16.0,98.494,31.299,43.018,24.177,HARD,5.0,2.0,1,False,False,6.0,2023,Bahrain
BOT,17.0,99.973,32.034,43.463,24.476,HARD,6.0,2.0,1,False,False,7.0,2023,Bahrain
BOT,18.0,100.24,31.682,43.946,24.612,HARD,7.0,2.0,1,False,False,8.0,2023,Bahrain
BOT,19.0,99.497,31.65,43.373,24.474,HARD,8.0,2.0,1,False,False,8.0,2023,Bahrain
BOT,20.0,100.442,31.91,43.979,24.553,HARD,9.0,2.0,1,False,False,9.0,2023,Bahrain
BOT,21.0,99.355,31.576999999999998,43.366,24.412,HARD,10.0,2.0,1,False,False,9.0,2023,Bahrain
BOT,22.0,99.356,31.591,43.332,24.433,HARD,11.0,2.0,1,False,False,9.0,2023,Bahrain
BOT,23.0,99.311,31.711,43.197,24.403,HARD,12.0,2.0,1,False,False,9.0,2023,Bahrain
BOT,24.0,99.427,31.731,43.277,24.419,HARD,13.0,2.0,1,False,False,9.0,2023,Bahrain
BOT,25.0,99.49,31.785,43.253,24.452,HARD,14.0,2.0,1,False,False,9.0,2023,Bahrain
BOT,26.0,99.5,31.813,43.256,24.431,HARD,15.0,2.0,1,False,False,9.0,2023,Bahrain
BOT,27.0,99.287,31.712,43.177,24.398,HARD,16.0,2.0,1,False,False,9.0,2023,Bahrain
BOT,28.0,99.016,31.753,42.963,24.3,HARD,17.0,2.0,1,False,False,9.0,2023,Bahrain
BOT,29.0,102.22,32.154,43.012,27.054,HARD,18.0,2.0,1,False,True,9.0,2023,Bahrain
BOT,30.0,118.886,52.999,42.137,23.75,HARD,1.0,3.0,1,True,False,11.0,2023,Bahrain
BOT,31.0,97.379,31.079,42.337,23.963,HARD,2.0,3.0,1,False,False,10.0,2023,Bahrain
BOT,32.0,97.675,31.059,42.59,24.026,HARD,3.0,3.0,1,False,False,9.0,2023,Bahrain
BOT,33.0,97.775,31.243,42.542,23.99,HARD,4.0,3.0,1,False,False,9.0,2023,Bahrain
BOT,34.0,97.774,31.317,42.525,23.932,HARD,5.0,3.0,1,False,False,9.0,2023,Bahrain
BOT,35.0,97.817,31.277,42.617,23.923000000000002,HARD,6.0,3.0,1,False,False,9.0,2023,Bahrain
BOT,36.0,97.827,31.342,42.528,23.957,HARD,7.0,3.0,1,False,False,9.0,2023,Bahrain
BOT,37.0,97.774,31.238,42.584,23.951999999999998,HARD,8.0,3.0,1,False,False,9.0,2023,Bahrain
BOT,38.0,97.658,31.311,42.406,23.941,HARD,9.0,3.0,1,False,False,9.0,2023,Bahrain
BOT,39.0,97.784,31.376,42.467,23.941,HARD,10.0,3.0,1,False,False,9.0,2023,Bahrain
BOT,40.0,110.376,31.335,42.515,36.526,HARD,11.0,3.0,126,False,False,8.0,2023,Bahrain
BOT,41.0,115.281,37.625,53.676,23.98,HARD,12.0,3.0,671,False,False,8.0,2023,Bahrain
BOT,42.0,97.736,31.22,42.609,23.907,HARD,13.0,3.0,1,False,False,8.0,2023,Bahrain
BOT,43.0,97.813,31.253,42.525,24.035,HARD,14.0,3.0,1,False,False,8.0,2023,Bahrain
BOT,44.0,97.868,31.392,42.601,23.875,HARD,15.0,3.0,1,False,False,8.0,2023,Bahrain
BOT,45.0,97.688,31.254,42.539,23.895,HARD,16.0,3.0,1,False,False,8.0,2023,Bahrain
BOT,46.0,97.83,31.384,42.473,23.973,HARD,17.0,3.0,1,False,False,8.0,2023,Bahrain
BOT,47.0,97.815,31.325,42.508,23.982,HARD,18.0,3.0,1,False,False,8.0,2023,Bahrain
BOT,48.0,97.5,31.316,42.265,23.919,HARD,19.0,3.0,1,False,False,8.0,2023,Bahrain
BOT,49.0,97.85,31.434,42.484,23.932,HARD,20.0,3.0,1,False,False,8.0,2023,Bahrain
BOT,50.0,97.71,31.491,42.241,23.978,HARD,21.0,3.0,1,False,False,8.0,2023,Bahrain
BOT,51.0,97.816,31.383,42.463,23.97,HARD,22.0,3.0,1,False,False,8.0,2023,Bahrain
BOT,52.0,97.947,31.512,42.44,23.995,HARD,23.0,3.0,1,False,False,8.0,2023,Bahrain
BOT,53.0,97.856,31.458,42.413,23.985,HARD,24.0,3.0,1,False,False,8.0,2023,Bahrain
BOT,54.0,97.738,31.461,42.3,23.977,HARD,25.0,3.0,1,False,False,8.0,2023,Bahrain
BOT,55.0,97.807,31.526,42.257,24.024,HARD,26.0,3.0,1,False,False,8.0,2023,Bahrain
BOT,56.0,98.16,31.687,42.384,24.089,HARD,27.0,3.0,1,False,False,8.0,2023,Bahrain
BOT,57.0,98.407,31.543,42.623,24.241,HARD,28.0,3.0,1,False,False,8.0,2023,Bahrain
PIA,1.0,108.214,,45.783,24.951999999999998,SOFT,1.0,1.0,12,False,False,16.0,2023,Bahrain
PIA,2.0,100.83,32.185,43.977,24.668,SOFT,2.0,1.0,21,False,False,16.0,2023,Bahrain
PIA,3.0,100.691,31.877,43.986,24.828,SOFT,3.0,1.0,1,False,False,16.0,2023,Bahrain
PIA,4.0,100.718,31.831,44.079,24.808,SOFT,4.0,1.0,1,False,False,16.0,2023,Bahrain
PIA,5.0,100.862,31.846,44.06,24.956,SOFT,5.0,1.0,1,False,False,16.0,2023,Bahrain
PIA,6.0,101.111,31.694,44.425,24.992,SOFT,6.0,1.0,1,False,False,16.0,2023,Bahrain
PIA,7.0,101.167,31.716,44.471,24.98,SOFT,7.0,1.0,1,False,False,16.0,2023,Bahrain
PIA,8.0,101.295,31.665,44.59,25.04,SOFT,8.0,1.0,1,False,False,16.0,2023,Bahrain
PIA,9.0,101.534,31.989,44.548,24.997,SOFT,9.0,1.0,1,False,False,16.0,2023,Bahrain
PIA,10.0,101.584,31.779,44.617,25.188,SOFT,10.0,1.0,1,False,False,16.0,2023,Bahrain
PIA,11.0,101.352,31.894,44.557,24.901,SOFT,11.0,1.0,1,False,False,13.0,2023,Bahrain
PIA,12.0,101.156,32.1,44.235,24.821,SOFT,12.0,1.0,1,False,False,11.0,2023,Bahrain
PIA,13.0,122.071,34.839,53.536,33.696,SOFT,13.0,1.0,1,False,True,16.0,2023,Bahrain
VER,1.0,105.222,,31.408,31.152,MEDIUM,1.0,1.0,1,False,False,13.0,2023,Saudi Arabia
VER,2.0,97.68,36.595,30.654,30.431,MEDIUM,2.0,1.0,1,False,False,13.0,2023,Saudi Arabia
VER,3.0,96.526,36.02,30.417,30.089,MEDIUM,3.0,1.0,1,False,False,13.0,2023,Saudi Arabia
VER,4.0,96.503,36.021,30.177,30.305,MEDIUM,4.0,1.0,1,False,False,12.0,2023,Saudi Arabia
VER,5.0,95.359,35.096,30.116,30.147,MEDIUM,5.0,1.0,1,False,False,11.0,2023,Saudi Arabia
VER,6.0,95.84,35.547,30.1,30.193,MEDIUM,6.0,1.0,1,False,False,11.0,2023,Saudi Arabia
VER,7.0,95.687,35.409,30.025,30.253,MEDIUM,7.0,1.0,1,False,False,11.0,2023,Saudi Arabia
VER,8.0,95.129,35.091,30.143,29.895,MEDIUM,8.0,1.0,1,False,False,10.0,2023,Saudi Arabia
VER,9.0,95.561,35.45,30.017,30.094,MEDIUM,9.0,1.0,1,False,False,9.0,2023,Saudi Arabia
VER,10.0,95.443,35.434,30.05,29.959,MEDIUM,10.0,1.0,1,False,False,9.0,2023,Saudi Arabia
VER,11.0,95.306,35.387,29.767,30.152,MEDIUM,11.0,1.0,1,False,False,9.0,2023,Saudi Arabia
VER,12.0,94.848,34.856,29.984,30.008,MEDIUM,12.0,1.0,1,False,False,8.0,2023,Saudi Arabia
VER,13.0,95.183,35.069,29.867,30.247,MEDIUM,13.0,1.0,1,False,False,8.0,2023,Saudi Arabia
VER,14.0,94.2,34.609,29.784,29.807,MEDIUM,14.0,1.0,1,False,False,6.0,2023,Saudi Arabia
VER,15.0,94.499,34.815,29.832,29.852,MEDIUM,15.0,1.0,1,False,False,6.0,2023,Saudi Arabia
VER,16.0,94.443,34.863,29.584,29.996,MEDIUM,16.0,1.0,1,False,False,4.0,2023,Saudi Arabia
VER,17.0,93.79,34.315,29.711,29.764,MEDIUM,17.0,1.0,12,False,False,4.0,2023,Saudi Arabia
VER,18.0,134.348,48.991,40.059,45.298,MEDIUM,18.0,1.0,24,False,True,4.0,2023,Saudi Arabia
VER,19.0,,63.956,47.565,55.738,HARD,1.0,2.0,4,True,False,4.0,2023,Saudi Arabia
VER,20.0,,56.723,49.419,50.369,HARD,2.0,2.0,41,False,False,4.0,2023,Saudi Arabia
VER,21.0,96.946,36.872,29.989,30.085,HARD,3.0,2.0,1,False,False,4.0,2023,Saudi Arabia
VER,22.0,94.973,35.462,29.71,29.801,HARD,4.0,2.0,1,False,False,4.0,2023,Saudi Arabia
VER,23.0,94.115,35.197,29.397,29.521,HARD,5.0,2.0,1,False,False,3.0,2023,Saudi Arabia
VER,24.0,94.146,34.754,29.349,30.043,HARD,6.0,2.0,1,False,False,3.0,2023,Saudi Arabia
VER,25.0,92.933,33.994,29.387,29.552,HARD,7.0,2.0,1,False,False,2.0,2023,Saudi Arabia
VER,26.0,92.94,34.131,29.347,29.462,HARD,8.0,2.0,1,False,False,2.0,2023,Saudi Arabia
VER,27.0,92.838,34.129,29.235,29.474,HARD,9.0,2.0,1,False,False,2.0,2023,Saudi Arabia
VER,28.0,92.869,34.108,29.273,29.488,HARD,10.0,2.0,1,False,False,2.0,2023,Saudi Arabia
VER,29.0,92.67,34.023,29.222,29.425,HARD,11.0,2.0,1,False,False,2.0,2023,Saudi Arabia
VER,30.0,92.877,34.18,29.228,29.469,HARD,12.0,2.0,1,False,False,2.0,2023,Saudi Arabia
VER,31.0,92.382,33.896,29.086,29.4,HARD,13.0,2.0,1,False,False,2.0,2023,Saudi Arabia
VER,32.0,92.4,33.879,29.152,29.369,HARD,14.0,2.0,1,False,False,2.0,2023,Saudi Arabia
VER,33.0,92.387,33.895,29.164,29.328,HARD,15.0,2.0,1,False,False,2.0,2023,Saudi Arabia
VER,34.0,92.341,33.965,29.029,29.347,HARD,16.0,2.0,1,False,False,2.0,2023,Saudi Arabia
VER,35.0,92.249,33.736,29.176,29.337,HARD,17.0,2.0,1,False,False,2.0,2023,Saudi Arabia
VER,36.0,92.384,33.812,29.204,29.368,HARD,18.0,2.0,1,False,False,2.0,2023,Saudi Arabia
VER,37.0,92.496,33.844,29.29,29.362,HARD,19.0,2.0,1,False,False,2.0,2023,Saudi Arabia
VER,38.0,93.123,34.607,29.176,29.34,HARD,20.0,2.0,1,False,False,2.0,2023,Saudi Arabia
VER,39.0,92.432,33.87,29.263,29.299,HARD,21.0,2.0,1,False,False,2.0,2023,Saudi Arabia
VER,40.0,92.606,33.947,29.238,29.421,HARD,22.0,2.0,1,False,False,2.0,2023,Saudi Arabia
VER,41.0,92.638,34.131,29.221,29.286,HARD,23.0,2.0,1,False,False,2.0,2023,Saudi Arabia
VER,42.0,92.274,33.899,29.131,29.244,HARD,24.0,2.0,1,False,False,2.0,2023,Saudi Arabia
VER,43.0,92.343,33.863,29.151,29.329,HARD,25.0,2.0,1,False,False,2.0,2023,Saudi Arabia
VER,44.0,92.848,33.922,29.333,29.593,HARD,26.0,2.0,1,False,False,2.0,2023,Saudi Arabia
VER,45.0,92.968,34.195,29.328,29.445,HARD,27.0,2.0,1,False,False,2.0,2023,Saudi Arabia
VER,46.0,93.148,34.3,29.362,29.486,HARD,28.0,2.0,1,False,False,2.0,2023,Saudi Arabia
VER,47.0,93.238,34.414,29.397,29.427,HARD,29.0,2.0,1,False,False,2.0,2023,Saudi Arabia
VER,48.0,93.607,34.375,29.582,29.65,HARD,30.0,2.0,1,False,False,2.0,2023,Saudi Arabia
VER,49.0,93.835,34.363,29.448,30.024,HARD,31.0,2.0,1,False,False,2.0,2023,Saudi Arabia
VER,50.0,91.906,33.543,29.045,29.318,HARD,32.0,2.0,1,False,False,2.0,2023,Saudi Arabia
GAS,1.0,102.172,,30.518,30.388,MEDIUM,1.0,1.0,1,False,False,8.0,2023,Saudi Arabia
GAS,2.0,97.056,36.017,30.638,30.401,MEDIUM,2.0,1.0,1,False,False,8.0,2023,Saudi Arabia
GAS,3.0,96.044,35.901,30.121,30.022,MEDIUM,3.0,1.0,1,False,False,8.0,2023,Saudi Arabia
GAS,4.0,96.291,35.96,30.109,30.222,MEDIUM,4.0,1.0,1,False,False,8.0,2023,Saudi Arabia
GAS,5.0,95.973,35.92,30.07,29.983,MEDIUM,5.0,1.0,1,False,False,8.0,2023,Saudi Arabia
GAS,6.0,95.837,35.678,30.09,30.069,MEDIUM,6.0,1.0,1,False,False,8.0,2023,Saudi Arabia
GAS,7.0,97.137,36.83,30.282,30.025,MEDIUM,7.0,1.0,1,False,False,9.0,2023,Saudi Arabia
GAS,8.0,96.645,35.98,30.443,30.222,MEDIUM,8.0,1.0,1,False,False,9.0,2023,Saudi Arabia
GAS,9.0,96.549,35.675,30.349,30.525,MEDIUM,9.0,1.0,1,False,False,10.0,2023,Saudi Arabia
GAS,10.0,96.262,36.148,30.188,29.926,MEDIUM,10.0,1.0,1,False,False,10.0,2023,Saudi Arabia
GAS,11.0,96.022,35.527,30.305,30.19,MEDIUM,11.0,1.0,1,False,False,10.0,2023,Saudi Arabia
GAS,12.0,96.128,35.656,30.268,30.204,MEDIUM,12.0,1.0,1,False,False,10.0,2023,Saudi Arabia
GAS,13.0,96.17,35.579,30.285,30.306,MEDIUM,13.0,1.0,1,False,False,10.0,2023,Saudi Arabia
GAS,14.0,98.551,35.478,30.21,32.863,MEDIUM,14.0,1.0,1,False,True,9.0,2023,Saudi Arabia
GAS,15.0,113.128,52.805,30.262,30.061,HARD,1.0,2.0,1,True,False,14.0,2023,Saudi Arabia
GAS,16.0,95.536,35.156,30.244,30.136,HARD,2.0,2.0,1,False,False,14.0,2023,Saudi Arabia
GAS,17.0,107.735,35.548,31.099,41.088,HARD,3.0,2.0,124,False,False,13.0,2023,Saudi Arabia
GAS,18.0,135.212,48.952,43.951,42.309,HARD,4.0,2.0,4,False,False,11.0,2023,Saudi Arabia
GAS,19.0,132.712,39.817,39.013,53.882,HARD,5.0,2.0,4,False,False,10.0,2023,Saudi Arabia
GAS,20.0,,56.309,48.658,45.665,HARD,6.0,2.0,41,False,False,10.0,2023,Saudi Arabia
GAS,21.0,98.374,37.458,30.381,30.535,HARD,7.0,2.0,1,False,False,10.0,2023,Saudi Arabia
GAS,22.0,96.576,36.043,30.366,30.167,HARD,8.0,2.0,1,False,False,10.0,2023,Saudi Arabia
GAS,23.0,95.918,35.633,30.159,30.126,HARD,9.0,2.0,1,False,False,10.0,2023,Saudi Arabia
GAS,24.0,95.322,35.264,29.957,30.101,HARD,10.0,2.0,1,False,False,10.0,2023,Saudi Arabia
GAS,25.0,95.27,35.223,30.027,30.02,HARD,11.0,2.0,1,False,False,9.0,2023,Saudi Arabia
GAS,26.0,95.105,35.184,29.948,29.973,HARD,12.0,2.0,1,False,False,9.0,2023,Saudi Arabia
GAS,27.0,95.0,35.158,29.873,29.969,HARD,13.0,2.0,1,False,False,9.0,2023,Saudi Arabia
GAS,28.0,94.65,34.892,29.813,29.945,HARD,14.0,2.0,1,False,False,9.0,2023,Saudi Arabia
GAS,29.0,94.601,34.831,29.864,29.906,HARD,15.0,2.0,1,False,False,9.0,2023,Saudi Arabia
GAS,30.0,94.869,35.08,29.883,29.906,HARD,16.0,2.0,1,False,False,9.0,2023,Saudi Arabia
GAS,31.0,94.735,35.034,29.882,29.819,HARD,17.0,2.0,1,False,False,9.0,2023,Saudi Arabia
GAS,32.0,94.626,34.85,29.891,29.885,HARD,18.0,2.0,1,False,False,9.0,2023,Saudi Arabia
GAS,33.0,94.516,34.827,29.903,29.786,HARD,19.0,2.0,1,False,False,9.0,2023,Saudi Arabia
GAS,34.0,94.394,34.792,29.848,29.754,HARD,20.0,2.0,1,False,False,9.0,2023,Saudi Arabia
GAS,35.0,94.5,34.819,29.842,29.839,HARD,21.0,2.0,1,False,False,9.0,2023,Saudi Arabia
GAS,36.0,94.436,34.769,29.815,29.852,HARD,22.0,2.0,1,False,False,9.0,2023,Saudi Arabia
GAS,37.0,94.289,34.698,29.776,29.815,HARD,23.0,2.0,1,False,False,9.0,2023,Saudi Arabia
GAS,38.0,94.355,34.719,29.81,29.826,HARD,24.0,2.0,1,False,False,9.0,2023,Saudi Arabia
GAS,39.0,93.929,34.556,29.662,29.711,HARD,25.0,2.0,1,False,False,9.0,2023,Saudi Arabia
GAS,40.0,94.11,34.696,29.719,29.695,HARD,26.0,2.0,1,False,False,9.0,2023,Saudi Arabia
GAS,41.0,93.829,34.495,29.676,29.658,HARD,27.0,2.0,1,False,False,9.0,2023,Saudi Arabia
GAS,42.0,93.96,34.566,29.705,29.689,HARD,28.0,2.0,1,False,False,9.0,2023,Saudi Arabia
GAS,43.0,94.026,34.703,29.57,29.753,HARD,29.0,2.0,1,False,False,9.0,2023,Saudi Arabia
GAS,44.0,94.131,34.652,29.659,29.82,HARD,30.0,2.0,1,False,False,9.0,2023,Saudi Arabia
GAS,45.0,93.82,34.515,29.636,29.669,HARD,31.0,2.0,1,False,False,9.0,2023,Saudi Arabia
GAS,46.0,94.068,34.7,29.69,29.678,HARD,32.0,2.0,1,False,False,9.0,2023,Saudi Arabia
GAS,47.0,93.81,34.507,29.595,29.708,HARD,33.0,2.0,1,False,False,9.0,2023,Saudi Arabia
GAS,48.0,93.624,34.412,29.528,29.684,HARD,34.0,2.0,1,False,False,9.0,2023,Saudi Arabia
GAS,49.0,93.614,34.487,29.493,29.634,HARD,35.0,2.0,1,False,False,9.0,2023,Saudi Arabia
GAS,50.0,93.392,34.284,29.499,29.609,HARD,36.0,2.0,1,False,False,9.0,2023,Saudi Arabia
PER,1.0,97.257,,29.964,30.233,MEDIUM,1.0,1.0,1,False,False,2.0,2023,Saudi Arabia
PER,2.0,95.906,35.785,29.903,30.218,MEDIUM,2.0,1.0,1,False,False,2.0,2023,Saudi Arabia
PER,3.0,94.829,35.34,29.825,29.664,MEDIUM,3.0,1.0,1,False,False,2.0,2023,Saudi Arabia
PER,4.0,95.651,35.484,30.147,30.02,MEDIUM,4.0,1.0,1,False,False,1.0,2023,Saudi Arabia
PER,5.0,94.873,35.024,29.903,29.946,MEDIUM,5.0,1.0,1,False,False,1.0,2023,Saudi Arabia
PER,6.0,94.621,34.934,29.815,29.872,MEDIUM,6.0,1.0,1,False,False,1.0,2023,Saudi Arabia
PER,7.0,94.277,34.729,29.78,29.768,MEDIUM,7.0,1.0,1,False,False,1.0,2023,Saudi Arabia
PER,8.0,94.477,34.767,29.802,29.908,MEDIUM,8.0,1.0,1,False,False,1.0,2023,Saudi Arabia
PER,9.0,94.255,34.621,29.735,29.899,MEDIUM,9.0,1.0,1,False,False,1.0,2023,Saudi Arabia
PER,10.0,94.106,34.58,29.708,29.818,MEDIUM,10.0,1.0,1,False,False,1.0,2023,Saudi Arabia
PER,11.0,94.075,34.583,29.677,29.815,MEDIUM,11.0,1.0,1,False,False,1.0,2023,Saudi Arabia
PER,12.0,94.16,34.494,29.695,29.971,MEDIUM,12.0,1.0,1,False,False,1.0,2023,Saudi Arabia
PER,13.0,94.263,34.547,29.804,29.912,MEDIUM,13.0,1.0,1,False,False,1.0,2023,Saudi Arabia
PER,14.0,94.409,34.688,29.793,29.928,MEDIUM,14.0,1.0,1,False,False,1.0,2023,Saudi Arabia
PER,15.0,94.392,34.641,29.849,29.902,MEDIUM,15.0,1.0,1,False,False,1.0,2023,Saudi Arabia
PER,16.0,94.19,34.554,29.775,29.861,MEDIUM,16.0,1.0,1,False,False,1.0,2023,Saudi Arabia
PER,17.0,93.961,34.468,29.688,29.805,MEDIUM,17.0,1.0,12,False,False,1.0,2023,Saudi Arabia
PER,18.0,127.357,39.183,47.443,40.731,MEDIUM,18.0,1.0,24,False,True,1.0,2023,Saudi Arabia
PER,19.0,,76.74,59.741,53.853,HARD,1.0,2.0,4,True,False,1.0,2023,Saudi Arabia
PER,20.0,,57.869,49.019,53.911,HARD,2.0,2.0,41,False,False,1.0,2023,Saudi Arabia
PER,21.0,94.557,34.992,29.798000000000002,29.767,HARD,3.0,2.0,1,False,False,1.0,2023,Saudi Arabia
PER,22.0,93.895,34.515,29.661,29.719,HARD,4.0,2.0,1,False,False,1.0,2023,Saudi Arabia
PER,23.0,93.464,34.361,29.544,29.559,HARD,5.0,2.0,1,False,False,1.0,2023,Saudi Arabia
PER,24.0,93.44,34.378,29.499,29.563,HARD,6.0,2.0,1,False,False,1.0,2023,Saudi Arabia
PER,25.0,93.426,34.297,29.514,29.615,HARD,7.0,2.0,1,False,False,1.0,2023,Saudi Arabia
PER,26.0,93.072,34.241,29.351,29.48,HARD,8.0,2.0,1,False,False,1.0,2023,Saudi Arabia
PER,27.0,92.891,34.112,29.284,29.495,HARD,9.0,2.0,1,False,False,1.0,2023,Saudi Arabia
PER,28.0,93.025,34.182,29.345,29.498,HARD,10.0,2.0,1,False,False,1.0,2023,Saudi Arabia
PER,29.0,92.726,34.043,29.262,29.421,HARD,11.0,2.0,1,False,False,1.0,2023,Saudi Arabia
PER,30.0,92.726,33.99,29.276,29.46,HARD,12.0,2.0,1,False,False,1.0,2023,Saudi Arabia
PER,31.0,92.554,34.028,29.154,29.372,HARD,13.0,2.0,1,False,False,1.0,2023,Saudi Arabia
PER,32.0,92.498,33.955,29.106,29.437,HARD,14.0,2.0,1,False,False,1.0,2023,Saudi Arabia
PER,33.0,92.55,34.073,29.135,29.342,HARD,15.0,2.0,1,False,False,1.0,2023,Saudi Arabia
PER,34.0,92.294,33.89,29.064,29.34,HARD,16.0,2.0,1,False,False,1.0,2023,Saudi Arabia
PER,35.0,92.68,33.959,29.282,29.439,HARD,17.0,2.0,1,False,False,1.0,2023,Saudi Arabia
PER,36.0,92.292,33.794,29.133,29.365,HARD,18.0,2.0,1,False,False,1.0,2023,Saudi Arabia
PER,37.0,92.638,33.821,29.069,29.748,HARD,19.0,2.0,1,False,False,1.0,2023,Saudi Arabia
PER,38.0,92.188,33.721,29.122,29.345,HARD,20.0,2.0,1,False,False,1.0,2023,Saudi Arabia
PER,39.0,93.19,34.355,29.362,29.473,HARD,21.0,2.0,1,False,False,1.0,2023,Saudi Arabia
PER,40.0,92.83,34.138,29.218,29.474,HARD,22.0,2.0,1,False,False,1.0,2023,Saudi Arabia
PER,41.0,92.637,33.911,29.329,29.397,HARD,23.0,2.0,1,False,False,1.0,2023,Saudi Arabia
PER,42.0,92.235,33.851,29.083,29.301,HARD,24.0,2.0,1,False,False,1.0,2023,Saudi Arabia
PER,43.0,92.308,33.976,29.04,29.292,HARD,25.0,2.0,1,False,False,1.0,2023,Saudi Arabia
PER,44.0,92.267,33.81,29.112,29.345,HARD,26.0,2.0,1,False,False,1.0,2023,Saudi Arabia
PER,45.0,92.419,33.903,29.16,29.356,HARD,27.0,2.0,1,False,False,1.0,2023,Saudi Arabia
PER,46.0,92.933,34.254,29.289,29.39,HARD,28.0,2.0,1,False,False,1.0,2023,Saudi Arabia
PER,47.0,92.895,34.214,29.228,29.453,HARD,29.0,2.0,1,False,False,1.0,2023,Saudi Arabia
PER,48.0,93.075,34.145,29.386,29.544,HARD,30.0,2.0,1,False,False,1.0,2023,Saudi Arabia
PER,49.0,93.306,34.169,29.538,29.599,HARD,31.0,2.0,1,False,False,1.0,2023,Saudi Arabia
PER,50.0,93.691,34.337,29.466,29.888,HARD,32.0,2.0,1,False,False,1.0,2023,Saudi Arabia
ALO,1.0,96.851,,30.025,30.604,MEDIUM,1.0,1.0,1,False,False,1.0,2023,Saudi Arabia
ALO,2.0,95.567,35.455,29.923000000000002,30.189,MEDIUM,2.0,1.0,1,False,False,1.0,2023,Saudi Arabia
ALO,3.0,95.14,35.124,29.831,30.185,MEDIUM,3.0,1.0,1,False,False,1.0,2023,Saudi Arabia
ALO,4.0,96.664,36.573,30.03,30.061,MEDIUM,4.0,1.0,1,False,False,2.0,2023,Saudi Arabia
ALO,5.0,94.92,35.148,29.797,29.975,MEDIUM,5.0,1.0,1,False,False,2.0,2023,Saudi Arabia
ALO,6.0,94.658,35.123,29.671,29.864,MEDIUM,6.0,1.0,1,False,False,2.0,2023,Saudi Arabia
ALO,7.0,94.422,34.921,29.68,29.821,MEDIUM,7.0,1.0,1,False,False,2.0,2023,Saudi Arabia
ALO,8.0,94.398,34.912,29.621,29.865,MEDIUM,8.0,1.0,1,False,False,2.0,2023,Saudi Arabia
ALO,9.0,94.4,34.878,29.666,29.856,MEDIUM,9.0,1.0,1,False,False,2.0,2023,Saudi Arabia
ALO,10.0,94.835,34.913,29.739,30.183,MEDIUM,10.0,1.0,1,False,False,2.0,2023,Saudi Arabia
ALO,11.0,94.982,35.137,29.742,30.103,MEDIUM,11.0,1.0,1,False,False,2.0,2023,Saudi Arabia
ALO,12.0,94.927,34.857,29.907,30.163,MEDIUM,12.0,1.0,1,False,False,2.0,2023,Saudi Arabia
ALO,13.0,94.918,34.975,29.846,30.097,MEDIUM,13.0,1.0,1,False,False,2.0,2023,Saudi Arabia
ALO,14.0,94.837,34.852,29.842,30.143,MEDIUM,14.0,1.0,1,False,False,2.0,2023,Saudi Arabia
ALO,15.0,94.717,34.865,29.771,30.081,MEDIUM,15.0,1.0,1,False,False,2.0,2023,Saudi Arabia
ALO,16.0,94.842,34.872,29.77,30.2,MEDIUM,16.0,1.0,1,False,False,2.0,2023,Saudi Arabia
ALO,17.0,94.595,34.856,29.735,30.004,MEDIUM,17.0,1.0,12,False,False,2.0,2023,Saudi Arabia
ALO,18.0,129.623,39.863,43.937,45.823,MEDIUM,18.0,1.0,24,False,True,2.0,2023,Saudi Arabia
ALO,19.0,,71.379,58.365,54.412,HARD,2.0,2.0,4,True,False,2.0,2023,Saudi Arabia
ALO,20.0,,57.396,48.719,53.229,HARD,3.0,2.0,41,False,False,2.0,2023,Saudi Arabia
ALO,21.0,96.033,36.023,29.89,30.12,HARD,4.0,2.0,1,False,False,2.0,2023,Saudi Arabia
ALO,22.0,94.738,35.173,29.668,29.897,HARD,5.0,2.0,1,False,False,2.0,2023,Saudi Arabia
ALO,23.0,94.771,35.076,29.755,29.94,HARD,6.0,2.0,1,False,False,2.0,2023,Saudi Arabia
ALO,24.0,94.836,34.959,29.734,30.143,HARD,7.0,2.0,1,False,False,2.0,2023,Saudi Arabia
ALO,25.0,94.136,35.384,29.245,29.507,HARD,8.0,2.0,1,False,False,3.0,2023,Saudi Arabia
ALO,26.0,94.119,34.67,29.587,29.862,HARD,9.0,2.0,1,False,False,3.0,2023,Saudi Arabia
ALO,27.0,94.246,34.815,29.586,29.845,HARD,10.0,2.0,1,False,False,3.0,2023,Saudi Arabia
ALO,28.0,94.062,34.679,29.571,29.812,HARD,11.0,2.0,1,False,False,3.0,2023,Saudi Arabia
ALO,29.0,93.988,34.661,29.501,29.826,HARD,12.0,2.0,1,False,False,3.0,2023,Saudi Arabia
ALO,30.0,93.654,34.46,29.453,29.741,HARD,13.0,2.0,1,False,False,3.0,2023,Saudi Arabia
ALO,31.0,93.605,34.417,29.408,29.78,HARD,14.0,2.0,1,False,False,3.0,2023,Saudi Arabia
ALO,32.0,93.401,34.257,29.397,29.747,HARD,15.0,2.0,1,False,False,3.0,2023,Saudi Arabia
ALO,33.0,93.337,34.253,29.39,29.694,HARD,16.0,2.0,1,False,False,3.0,2023,Saudi Arabia
ALO,34.0,93.22,34.337,29.274,29.609,HARD,17.0,2.0,1,False,False,3.0,2023,Saudi Arabia
ALO,35.0,93.514,34.29,29.458,29.766,HARD,18.0,2.0,1,False,False,3.0,2023,Saudi Arabia
ALO,36.0,93.323,34.262,29.348,29.713,HARD,19.0,2.0,1,False,False,3.0,2023,Saudi Arabia
ALO,37.0,93.175,34.266,29.261,29.648,HARD,20.0,2.0,1,False,False,3.0,2023,Saudi Arabia
ALO,38.0,93.174,34.168,29.302,29.704,HARD,21.0,2.0,1,False,False,3.0,2023,Saudi Arabia
ALO,39.0,93.249,34.242,29.35,29.657,HARD,22.0,2.0,1,False,False,3.0,2023,Saudi Arabia
ALO,40.0,92.768,34.115,29.16,29.493,HARD,23.0,2.0,1,False,False,3.0,2023,Saudi Arabia
ALO,41.0,93.127,34.174,29.272,29.681,HARD,24.0,2.0,1,False,False,3.0,2023,Saudi Arabia
ALO,42.0,93.156,34.288,29.155,29.713,HARD,25.0,2.0,1,False,False,3.0,2023,Saudi Arabia
ALO,43.0,93.207,34.313,29.208,29.686,HARD,26.0,2.0,1,False,False,3.0,2023,Saudi Arabia
ALO,44.0,93.189,34.252,29.183,29.754,HARD,27.0,2.0,1,False,False,3.0,2023,Saudi Arabia
ALO,45.0,93.075,34.293,29.216,29.566,HARD,28.0,2.0,1,False,False,3.0,2023,Saudi Arabia
ALO,46.0,92.979,34.213,29.201,29.565,HARD,29.0,2.0,1,False,False,3.0,2023,Saudi Arabia
ALO,47.0,92.887,34.113,29.21,29.564,HARD,30.0,2.0,1,False,False,3.0,2023,Saudi Arabia
ALO,48.0,92.802,34.118,29.146,29.538,HARD,31.0,2.0,1,False,False,3.0,2023,Saudi Arabia
ALO,49.0,92.815,34.046,29.224,29.545,HARD,32.0,2.0,1,False,False,3.0,2023,Saudi Arabia
ALO,50.0,92.24,33.731,29.096,29.413,HARD,33.0,2.0,1,False,False,3.0,2023,Saudi Arabia
LEC,1.0,103.306,,31.542,30.391,SOFT,1.0,1.0,1,False,False,9.0,2023,Saudi Arabia
LEC,2.0,96.907,35.938,30.589,30.38,SOFT,2.0,1.0,1,False,False,9.0,2023,Saudi Arabia
LEC,3.0,95.825,35.648,30.205,29.972,SOFT,3.0,1.0,1,False,False,9.0,2023,Saudi Arabia
LEC,4.0,95.871,35.805,30.204,29.862,SOFT,4.0,1.0,1,False,False,9.0,2023,Saudi Arabia
LEC,5.0,96.275,36.017,30.274,29.984,SOFT,5.0,1.0,1,False,False,9.0,2023,Saudi Arabia
LEC,6.0,95.347,35.591,30.106,29.65,SOFT,6.0,1.0,1,False,False,9.0,2023,Saudi Arabia
LEC,7.0,96.117,35.938,30.273,29.906,SOFT,7.0,1.0,1,False,False,8.0,2023,Saudi Arabia
LEC,8.0,95.858,35.781,30.018,30.059,SOFT,8.0,1.0,1,False,False,8.0,2023,Saudi Arabia
LEC,9.0,95.364,35.033,30.283,30.048,SOFT,9.0,1.0,1,False,False,7.0,2023,Saudi Arabia
LEC,10.0,95.612,35.189,30.224,30.199,SOFT,10.0,1.0,1,False,False,7.0,2023,Saudi Arabia
LEC,11.0,95.125,35.104,29.894,30.127,SOFT,11.0,1.0,1,False,False,7.0,2023,Saudi Arabia
LEC,12.0,95.438,35.281,29.92,30.237,SOFT,12.0,1.0,1,False,False,7.0,2023,Saudi Arabia
LEC,13.0,95.226,34.84,30.104,30.282,SOFT,13.0,1.0,1,False,False,6.0,2023,Saudi Arabia
LEC,14.0,94.609,34.643,29.958,30.008,SOFT,14.0,1.0,1,False,False,5.0,2023,Saudi Arabia
LEC,15.0,95.071,34.81,30.062,30.199,SOFT,15.0,1.0,1,False,False,5.0,2023,Saudi Arabia
LEC,16.0,97.681,34.837,30.099,32.745,SOFT,16.0,1.0,1,False,True,5.0,2023,Saudi Arabia
LEC,17.0,119.434,52.39,30.321,36.723,HARD,1.0,2.0,124,True,False,8.0,2023,Saudi Arabia
LEC,18.0,134.267,47.328,43.675,43.264,HARD,2.0,2.0,4,False,False,7.0,2023,Saudi Arabia
LEC,19.0,143.866,44.796,44.189,54.881,HARD,3.0,2.0,4,False,False,7.0,2023,Saudi Arabia
LEC,20.0,,55.982,49.189,47.978,HARD,4.0,2.0,41,False,False,7.0,2023,Saudi Arabia
LEC,21.0,98.031,37.363,30.336,30.332,HARD,5.0,2.0,1,False,False,7.0,2023,Saudi Arabia
LEC,22.0,95.7,35.65,29.942,30.108,HARD,6.0,2.0,1,False,False,7.0,2023,Saudi Arabia
LEC,23.0,94.853,35.369,29.747,29.737,HARD,7.0,2.0,1,False,False,7.0,2023,Saudi Arabia
LEC,24.0,95.403,35.412,30.033,29.958,HARD,8.0,2.0,1,False,False,7.0,2023,Saudi Arabia
LEC,25.0,94.742,34.895,29.874,29.973,HARD,9.0,2.0,1,False,False,7.0,2023,Saudi Arabia
LEC,26.0,94.432,34.832,29.779,29.821,HARD,10.0,2.0,1,False,False,7.0,2023,Saudi Arabia
LEC,27.0,94.681,34.766,29.913,30.002,HARD,11.0,2.0,1,False,False,7.0,2023,Saudi Arabia
LEC,28.0,94.886,35.019,29.957,29.91,HARD,12.0,2.0,1,False,False,7.0,2023,Saudi Arabia
LEC,29.0,94.321,34.731,29.784,29.806,HARD,13.0,2.0,1,False,False,7.0,2023,Saudi Arabia
LEC,30.0,94.334,34.889,29.714,29.731,HARD,14.0,2.0,1,False,False,7.0,2023,Saudi Arabia
LEC,31.0,94.082,34.465,29.659,29.958,HARD,15.0,2.0,1,False,False,7.0,2023,Saudi Arabia
LEC,32.0,94.701,35.337,29.681,29.683,HARD,16.0,2.0,1,False,False,7.0,2023,Saudi Arabia
LEC,33.0,93.787,34.53,29.582,29.675,HARD,17.0,2.0,1,False,False,7.0,2023,Saudi Arabia
LEC,34.0,93.716,34.467,29.612,29.637,HARD,18.0,2.0,1,False,False,7.0,2023,Saudi Arabia
LEC,35.0,94.341,34.747,29.701999999999998,29.892,HARD,19.0,2.0,1,False,False,7.0,2023,Saudi Arabia
LEC,36.0,93.749,34.414,29.566,29.769,HARD,20.0,2.0,1,False,False,7.0,2023,Saudi Arabia
LEC,37.0,93.839,34.424,29.621,29.794,HARD,21.0,2.0,1,False,False,7.0,2023,Saudi Arabia
LEC,38.0,93.713,34.296,29.653,29.764,HARD,22.0,2.0,1,False,False,7.0,2023,Saudi Arabia
LEC,39.0,93.479,34.277,29.608,29.594,HARD,23.0,2.0,1,False,False,7.0,2023,Saudi Arabia
LEC,40.0,93.569,34.356,29.507,29.706,HARD,24.0,2.0,1,False,False,7.0,2023,Saudi Arabia
LEC,41.0,93.155,34.129,29.437,29.589,HARD,25.0,2.0,1,False,False,7.0,2023,Saudi Arabia
LEC,42.0,93.384,34.237,29.412,29.735,HARD,26.0,2.0,1,False,False,7.0,2023,Saudi Arabia
LEC,43.0,93.447,34.2,29.505,29.742,HARD,27.0,2.0,1,False,False,7.0,2023,Saudi Arabia
LEC,44.0,93.322,34.086,29.571,29.665,HARD,28.0,2.0,1,False,False,7.0,2023,Saudi Arabia
LEC,45.0,93.238,34.204,29.407,29.627,HARD,29.0,2.0,1,False,False,7.0,2023,Saudi Arabia
LEC,46.0,93.419,34.307,29.518,29.594,HARD,30.0,2.0,1,False,False,7.0,2023,Saudi Arabia
LEC,47.0,93.056,34.048,29.457,29.551,HARD,31.0,2.0,1,False,False,7.0,2023,Saudi Arabia
LEC,48.0,94.119,34.298,29.78,30.041,HARD,32.0,2.0,1,False,False,7.0,2023,Saudi Arabia
LEC,49.0,93.942,34.45,29.716,29.776,HARD,33.0,2.0,1,False,False,7.0,2023,Saudi Arabia
LEC,50.0,96.267,35.322,30.056,30.889,HARD,34.0,2.0,1,False,False,7.0,2023,Saudi Arabia
STR,1.0,99.093,,30.101,30.336,MEDIUM,1.0,1.0,1,False,False,4.0,2023,Saudi Arabia
STR,2.0,96.324,36.054,30.067,30.203,MEDIUM,2.0,1.0,1,False,False,4.0,2023,Saudi Arabia
STR,3.0,95.239,35.585,29.803,29.851,MEDIUM,3.0,1.0,1,False,False,4.0,2023,Saudi Arabia
STR,4.0,95.56,35.629,29.951,29.98,MEDIUM,4.0,1.0,1,False,False,4.0,2023,Saudi Arabia
STR,5.0,95.471,35.541,29.912,30.018,MEDIUM,5.0,1.0,1,False,False,4.0,2023,Saudi Arabia
STR,6.0,95.551,35.592,29.883,30.076,MEDIUM,6.0,1.0,1,False,False,4.0,2023,Saudi Arabia
STR,7.0,95.14,35.344,29.925,29.871,MEDIUM,7.0,1.0,1,False,False,4.0,2023,Saudi Arabia
STR,8.0,95.616,35.337,30.179,30.1,MEDIUM,8.0,1.0,1,False,False,4.0,2023,Saudi Arabia
STR,9.0,96.118,35.905,30.115,30.098,MEDIUM,9.0,1.0,1,False,False,4.0,2023,Saudi Arabia
STR,10.0,95.443,35.28,30.108,30.055,MEDIUM,10.0,1.0,1,False,False,4.0,2023,Saudi Arabia
STR,11.0,95.512,35.319,30.173,30.02,MEDIUM,11.0,1.0,1,False,False,4.0,2023,Saudi Arabia
STR,12.0,96.522,35.894,30.346,30.282,MEDIUM,12.0,1.0,1,False,False,4.0,2023,Saudi Arabia
STR,13.0,98.543,35.442,30.29,32.811,MEDIUM,13.0,1.0,1,False,True,5.0,2023,Saudi Arabia
STR,14.0,114.305,53.174,30.418,30.713,HARD,2.0,2.0,1,True,False,11.0,2023,Saudi Arabia
STR,15.0,96.262,35.481,30.118,30.663,HARD,3.0,2.0,1,False,False,10.0,2023,Saudi Arabia
STR,16.0,96.485,35.535,30.293,30.657,HARD,4.0,2.0,1,False,False,10.0,2023,Saudi Arabia
STR,17.0,,,,,HARD,5.0,2.0,124,False,False,,2023,Saudi Arabia
SAR,1.0,107.264,,31.376,31.592,HARD,1.0,1.0,1,False,False,20.0,2023,Saudi Arabia
SAR,2.0,99.426,37.672,31.009,30.745,HARD,2.0,1.0,1,False,False,17.0,2023,Saudi Arabia
SAR,3.0,96.997,36.195,30.357,30.445,HARD,3.0,1.0,1,False,False,17.0,2023,Saudi Arabia
SAR,4.0,96.844,36.08,30.345,30.419,HARD,4.0,1.0,1,False,False,17.0,2023,Saudi Arabia
SAR,5.0,96.881,36.17,30.386,30.325,HARD,5.0,1.0,1,False,False,17.0,2023,Saudi Arabia
SAR,6.0,97.043,36.296,30.383,30.364,HARD,6.0,1.0,1,False,False,17.0,2023,Saudi Arabia
SAR,7.0,97.282,36.384,30.486,30.412,HARD,7.0,1.0,1,False,False,17.0,2023,Saudi Arabia
SAR,8.0,98.259,37.555,30.393,30.311,HARD,8.0,1.0,1,False,False,18.0,2023,Saudi Arabia
SAR,9.0,97.159,36.602,30.361,30.196,HARD,9.0,1.0,1,False,False,16.0,2023,Saudi Arabia
SAR,10.0,96.757,36.189,30.339,30.229,HARD,10.0,1.0,1,False,False,16.0,2023,Saudi Arabia
SAR,11.0,96.735,36.03,30.337,30.368,HARD,11.0,1.0,1,False,False,16.0,2023,Saudi Arabia
SAR,12.0,96.645,36.067,30.146,30.432,HARD,12.0,1.0,1,False,False,14.0,2023,Saudi Arabia
SAR,13.0,96.126,35.752,30.021,30.353,HARD,13.0,1.0,1,False,False,14.0,2023,Saudi Arabia
SAR,14.0,96.434,35.86,30.276,30.298,HARD,14.0,1.0,1,False,False,14.0,2023,Saudi Arabia
SAR,15.0,96.19,35.711,30.175,30.304,HARD,15.0,1.0,1,False,False,13.0,2023,Saudi Arabia
SAR,16.0,96.154,35.625,30.226,30.303,HARD,16.0,1.0,1,False,False,13.0,2023,Saudi Arabia
SAR,17.0,107.279,35.942,30.296,41.041,HARD,17.0,1.0,124,False,False,10.0,2023,Saudi Arabia
SAR,18.0,136.225,47.148,43.768,45.309,HARD,18.0,1.0,4,False,True,10.0,2023,Saudi Arabia
SAR,19.0,142.638,57.247,32.173,53.218,MEDIUM,1.0,2.0,4,True,False,15.0,2023,Saudi Arabia
SAR,20.0,144.92,54.066,49.709,41.145,MEDIUM,2.0,2.0,41,False,False,15.0,2023,Saudi Arabia
SAR,21.0,98.699,37.381,30.502,30.816,MEDIUM,3.0,2.0,1,False,False,14.0,2023,Saudi Arabia
SAR,22.0,97.11,36.372,30.302,30.436,MEDIUM,4.0,2.0,1,False,False,14.0,2023,Saudi Arabia
SAR,23.0,95.822,36.024,29.862,29.936,MEDIUM,5.0,2.0,1,False,False,14.0,2023,Saudi Arabia
SAR,24.0,95.557,35.579,30.017,29.961,MEDIUM,6.0,2.0,1,False,False,14.0,2023,Saudi Arabia
SAR,25.0,95.738,35.844,30.003,29.891,MEDIUM,7.0,2.0,1,False,False,14.0,2023,Saudi Arabia
SAR,26.0,96.912,36.356,30.448,30.108,MEDIUM,8.0,2.0,1,False,False,13.0,2023,Saudi Arabia
SAR,27.0,95.604,35.532,29.868,30.204,MEDIUM,9.0,2.0,1,False,False,13.0,2023,Saudi Arabia
SAR,28.0,95.208,35.382,29.886,29.94,MEDIUM,10.0,2.0,1,False,False,13.0,2023,Saudi Arabia
SAR,29.0,94.738,35.229,29.701999999999998,29.807,MEDIUM,11.0,2.0,1,False,False,13.0,2023,Saudi Arabia
SAR,30.0,96.407,36.596,29.831,29.98,MEDIUM,12.0,2.0,1,False,False,13.0,2023,Saudi Arabia
SAR,31.0,95.039,35.385,29.724,29.93,MEDIUM,13.0,2.0,1,False,False,13.0,2023,Saudi Arabia
SAR,32.0,95.314,35.383,29.775,30.156,MEDIUM,14.0,2.0,1,False,False,13.0,2023,Saudi Arabia
SAR,33.0,95.325,35.608,29.899,29.818,MEDIUM,15.0,2.0,1,False,False,13.0,2023,Saudi Arabia
SAR,34.0,95.069,35.353,29.808,29.908,MEDIUM,16.0,2.0,1,False,False,13.0,2023,Saudi Arabia
SAR,35.0,95.523,35.628,29.965,29.93,MEDIUM,17.0,2.0,1,False,False,13.0,2023,Saudi Arabia
SAR,36.0,95.534,35.293,30.024,30.217,MEDIUM,18.0,2.0,1,False,False,13.0,2023,Saudi Arabia
SAR,37.0,95.437,35.36,29.984,30.093,MEDIUM,19.0,2.0,1,False,False,13.0,2023,Saudi Arabia
SAR,38.0,96.144,36.336,29.885,29.923000000000002,MEDIUM,20.0,2.0,1,False,False,14.0,2023,Saudi Arabia
SAR,39.0,95.718,35.517,29.99,30.211,MEDIUM,21.0,2.0,1,False,False,14.0,2023,Saudi Arabia
SAR,40.0,95.18,35.217,29.897,30.066,MEDIUM,22.0,2.0,1,False,False,14.0,2023,Saudi Arabia
SAR,41.0,95.974,35.177,29.779,31.018,MEDIUM,23.0,2.0,1,False,False,16.0,2023,Saudi Arabia
SAR,42.0,95.92,35.852,29.839,30.229,MEDIUM,24.0,2.0,1,False,False,15.0,2023,Saudi Arabia
SAR,43.0,95.229,35.158,29.895,30.176,MEDIUM,25.0,2.0,1,False,False,15.0,2023,Saudi Arabia
SAR,44.0,94.905,34.928,29.873,30.104,MEDIUM,26.0,2.0,1,False,False,15.0,2023,Saudi Arabia
SAR,45.0,95.13,35.094,29.893,30.143,MEDIUM,27.0,2.0,1,False,False,15.0,2023,Saudi Arabia
SAR,46.0,94.569,34.835,29.692,30.042,MEDIUM,28.0,2.0,1,False,False,15.0,2023,Saudi Arabia
SAR,47.0,94.896,35.019,29.88,29.997,MEDIUM,29.0,2.0,1,False,False,15.0,2023,Saudi Arabia
SAR,48.0,94.584,34.942,29.695,29.947,MEDIUM,30.0,2.0,1,False,False,15.0,2023,Saudi Arabia
SAR,49.0,94.469,34.76,29.761,29.948,MEDIUM,31.0,2.0,1,False,False,15.0,2023,Saudi Arabia
SAR,50.0,96.175,36.176,29.877,30.122,MEDIUM,32.0,2.0,1,False,False,16.0,2023,Saudi Arabia
MAG,1.0,104.694,,31.327,31.317,MEDIUM,1.0,1.0,1,False,False,11.0,2023,Saudi Arabia
MAG,2.0,97.219,36.351,30.551,30.317,MEDIUM,2.0,1.0,1,False,False,11.0,2023,Saudi Arabia
MAG,3.0,96.796,35.996,30.378,30.422,MEDIUM,3.0,1.0,1,False,False,11.0,2023,Saudi Arabia
MAG,4.0,97.098,36.293,30.445,30.36,MEDIUM,4.0,1.0,1,False,False,11.0,2023,Saudi Arabia
MAG,5.0,97.298,36.328,30.464,30.506,MEDIUM,5.0,1.0,1,False,False,12.0,2023,Saudi Arabia
MAG,6.0,97.01,36.686,30.223,30.101,MEDIUM,6.0,1.0,1,False,False,13.0,2023,Saudi Arabia
MAG,7.0,96.304,35.909,30.32,30.075,MEDIUM,7.0,1.0,1,False,False,13.0,2023,Saudi Arabia
MAG,8.0,99.187,36.11,30.215,32.862,MEDIUM,8.0,1.0,1,False,True,14.0,2023,Saudi Arabia
MAG,9.0,112.964,52.627,30.14,30.197,HARD,1.0,2.0,1,True,False,18.0,2023,Saudi Arabia
MAG,10.0,95.834,35.282,30.269,30.283,HARD,2.0,2.0,1,False,False,17.0,2023,Saudi Arabia
MAG,11.0,95.756,35.076,30.268,30.412,HARD,3.0,2.0,1,False,False,17.0,2023,Saudi Arabia
MAG,12.0,95.805,35.461,30.047,30.297,HARD,4.0,2.0,1,False,False,15.0,2023,Saudi Arabia
MAG,13.0,95.552,35.133,30.137,30.282,HARD,5.0,2.0,1,False,False,15.0,2023,Saudi Arabia
MAG,14.0,95.199,35.071,29.963,30.165,HARD,6.0,2.0,1,False,False,15.0,2023,Saudi Arabia
MAG,15.0,95.179,34.977,29.959,30.243,HARD,7.0,2.0,1,False,False,15.0,2023,Saudi Arabia
MAG,16.0,95.561,35.258,30.085,30.218,HARD,8.0,2.0,1,False,False,15.0,2023,Saudi Arabia
MAG,17.0,108.27,35.336,30.792,42.142,HARD,9.0,2.0,124,False,False,14.0,2023,Saudi Arabia
MAG,18.0,136.205,50.144,42.885,43.176,HARD,10.0,2.0,4,False,False,12.0,2023,Saudi Arabia
MAG,19.0,131.086,38.936,37.863,54.287,HARD,11.0,2.0,4,False,False,11.0,2023,Saudi Arabia
MAG,20.0,149.075,55.204,48.933,44.938,HARD,12.0,2.0,41,False,False,11.0,2023,Saudi Arabia
MAG,21.0,98.649,37.604,30.519,30.526,HARD,13.0,2.0,1,False,False,11.0,2023,Saudi Arabia
MAG,22.0,96.88,36.005,30.499,30.376,HARD,14.0,2.0,1,False,False,11.0,2023,Saudi Arabia
MAG,23.0,95.702,35.645,29.896,30.161,HARD,15.0,2.0,1,False,False,11.0,2023,Saudi Arabia
MAG,24.0,95.279,35.329,29.966,29.984,HARD,16.0,2.0,1,False,False,11.0,2023,Saudi Arabia
MAG,25.0,96.317,36.118,29.969,30.23,HARD,17.0,2.0,1,False,False,11.0,2023,Saudi Arabia
MAG,26.0,95.544,35.626,29.977,29.941,HARD,18.0,2.0,1,False,False,11.0,2023,Saudi Arabia
MAG,27.0,95.501,35.638,29.951999999999998,29.911,HARD,19.0,2.0,1,False,False,11.0,2023,Saudi Arabia
MAG,28.0,95.564,35.553,30.038,29.973,HARD,20.0,2.0,1,False,False,11.0,2023,Saudi Arabia
MAG,29.0,95.001,35.17,29.794,30.037,HARD,21.0,2.0,1,False,False,11.0,2023,Saudi Arabia
MAG,30.0,95.139,35.163,29.854,30.122,HARD,22.0,2.0,1,False,False,11.0,2023,Saudi Arabia
MAG,31.0,95.057,35.146,29.775,30.136,HARD,23.0,2.0,1,False,False,11.0,2023,Saudi Arabia
MAG,32.0,94.959,35.076,29.868,30.015,HARD,24.0,2.0,1,False,False,11.0,2023,Saudi Arabia
MAG,33.0,94.402,35.14,29.71,29.552,HARD,25.0,2.0,1,False,False,11.0,2023,Saudi Arabia
MAG,34.0,94.852,35.003,29.807,30.042,HARD,26.0,2.0,1,False,False,11.0,2023,Saudi Arabia
MAG,35.0,95.659,35.872,29.77,30.017,HARD,27.0,2.0,1,False,False,11.0,2023,Saudi Arabia
MAG,36.0,94.662,34.756,29.828,30.078,HARD,28.0,2.0,1,False,False,11.0,2023,Saudi Arabia
MAG,37.0,94.357,34.728,29.659,29.97,HARD,29.0,2.0,1,False,False,11.0,2023,Saudi Arabia
MAG,38.0,94.047,34.689,29.572,29.786,HARD,30.0,2.0,1,False,False,11.0,2023,Saudi Arabia
MAG,39.0,94.189,34.822,29.514,29.853,HARD,31.0,2.0,1,False,False,11.0,2023,Saudi Arabia
MAG,40.0,95.449,35.513,29.885,30.051,HARD,32.0,2.0,1,False,False,11.0,2023,Saudi Arabia
MAG,41.0,94.27,34.55,29.591,30.129,HARD,33.0,2.0,1,False,False,11.0,2023,Saudi Arabia
MAG,42.0,93.753,34.366,29.545,29.842,HARD,34.0,2.0,1,False,False,11.0,2023,Saudi Arabia
MAG,43.0,94.108,34.537,29.527,30.044,HARD,35.0,2.0,1,False,False,11.0,2023,Saudi Arabia
MAG,44.0,93.374,34.389,29.287,29.698,HARD,36.0,2.0,1,False,False,11.0,2023,Saudi Arabia
MAG,45.0,94.134,34.966,29.571,29.597,HARD,37.0,2.0,1,False,False,10.0,2023,Saudi Arabia
MAG,46.0,95.329,35.812,29.658,29.859,HARD,38.0,2.0,1,False,False,10.0,2023,Saudi Arabia
MAG,47.0,93.833,34.389,29.581,29.863,HARD,39.0,2.0,1,False,False,10.0,2023,Saudi Arabia
MAG,48.0,93.829,34.312,29.66,29.857,HARD,40.0,2.0,1,False,False,10.0,2023,Saudi Arabia
MAG,49.0,93.746,34.26,29.484,30.002,HARD,41.0,2.0,1,False,False,10.0,2023,Saudi Arabia
MAG,50.0,94.043,34.471,29.664,29.908,HARD,42.0,2.0,1,False,False,10.0,2023,Saudi Arabia
DEV,1.0,106.74,,31.513,31.237,MEDIUM,1.0,1.0,1,False,False,18.0,2023,Saudi Arabia
DEV,2.0,100.748,37.782,32.199,30.767,MEDIUM,2.0,1.0,1,False,False,18.0,2023,Saudi Arabia
DEV,3.0,96.945,36.176,30.405,30.364,MEDIUM,3.0,1.0,1,False,False,18.0,2023,Saudi Arabia
DEV,4.0,96.847,36.114,30.516,30.217,MEDIUM,4.0,1.0,1,False,False,18.0,2023,Saudi Arabia
DEV,5.0,96.992,36.134,30.555,30.303,MEDIUM,5.0,1.0,1,False,False,18.0,2023,Saudi Arabia
DEV,6.0,96.862,36.1,30.418,30.344,MEDIUM,6.0,1.0,1,False,False,18.0,2023,Saudi Arabia
DEV,7.0,97.087,36.26,30.407,30.42,MEDIUM,7.0,1.0,1,False,False,18.0,2023,Saudi Arabia
DEV,8.0,97.22,36.363,30.503,30.354,MEDIUM,8.0,1.0,1,False,False,17.0,2023,Saudi Arabia
DEV,9.0,97.249,36.536,30.325,30.388,MEDIUM,9.0,1.0,1,False,False,15.0,2023,Saudi Arabia
DEV,10.0,96.592,35.515,30.551,30.526,MEDIUM,10.0,1.0,1,False,False,15.0,2023,Saudi Arabia
DEV,11.0,96.52,35.54,30.425,30.555,MEDIUM,11.0,1.0,1,False,False,15.0,2023,Saudi Arabia
DEV,12.0,96.282,35.372,30.407,30.503,MEDIUM,12.0,1.0,1,False,False,13.0,2023,Saudi Arabia
DEV,13.0,96.014,35.312,30.272,30.43,MEDIUM,13.0,1.0,1,False,False,13.0,2023,Saudi Arabia
DEV,14.0,96.449,35.513,30.451,30.485,MEDIUM,14.0,1.0,1,False,False,13.0,2023,Saudi Arabia
DEV,15.0,96.017,35.384,30.208,30.425,MEDIUM,15.0,1.0,1,False,False,12.0,2023,Saudi Arabia
DEV,16.0,96.126,35.371,30.304,30.451,MEDIUM,16.0,1.0,1,False,False,12.0,2023,Saudi Arabia
DEV,17.0,109.322,35.539,30.409,43.374,MEDIUM,17.0,1.0,124,False,True,11.0,2023,Saudi Arabia
DEV,18.0,149.507,62.125,43.231,44.151,HARD,1.0,2.0,4,True,False,16.0,2023,Saudi Arabia
DEV,19.0,127.643,39.253,34.672,53.718,HARD,2.0,2.0,4,False,False,14.0,2023,Saudi Arabia
DEV,20.0,146.031,54.556,49.266,42.209,HARD,3.0,2.0,41,False,False,14.0,2023,Saudi Arabia
DEV,21.0,99.388,37.986,30.664,30.738,HARD,4.0,2.0,1,False,False,15.0,2023,Saudi Arabia
DEV,22.0,97.424,36.522,30.4,30.502,HARD,5.0,2.0,1,False,False,15.0,2023,Saudi Arabia
DEV,23.0,97.103,36.75,30.377,29.976,HARD,6.0,2.0,1,False,False,16.0,2023,Saudi Arabia
DEV,24.0,95.386,35.436,30.062,29.888,HARD,7.0,2.0,1,False,False,16.0,2023,Saudi Arabia
DEV,25.0,95.686,35.711,30.12,29.855,HARD,8.0,2.0,1,False,False,16.0,2023,Saudi Arabia
DEV,26.0,96.074,35.792,30.185,30.097,HARD,9.0,2.0,1,False,False,16.0,2023,Saudi Arabia
DEV,27.0,95.766,35.889,30.023,29.854,HARD,10.0,2.0,1,False,False,15.0,2023,Saudi Arabia
DEV,28.0,95.508,35.646,30.064,29.798000000000002,HARD,11.0,2.0,1,False,False,15.0,2023,Saudi Arabia
DEV,29.0,95.759,35.467,30.104,30.188,HARD,12.0,2.0,1,False,False,15.0,2023,Saudi Arabia
DEV,30.0,95.778,35.577,30.186,30.015,HARD,13.0,2.0,1,False,False,15.0,2023,Saudi Arabia
DEV,31.0,95.64,35.59,29.965,30.085,HARD,14.0,2.0,1,False,False,15.0,2023,Saudi Arabia
DEV,32.0,95.141,35.148,29.977,30.016,HARD,15.0,2.0,1,False,False,15.0,2023,Saudi Arabia
DEV,33.0,95.188,35.186,30.066,29.936,HARD,16.0,2.0,1,False,False,15.0,2023,Saudi Arabia
DEV,34.0,95.25,35.141,30.057,30.052,HARD,17.0,2.0,1,False,False,15.0,2023,Saudi Arabia
DEV,35.0,95.027,34.996,30.021,30.01,HARD,18.0,2.0,1,False,False,15.0,2023,Saudi Arabia
DEV,36.0,94.763,35.199,29.894,29.67,HARD,19.0,2.0,1,False,False,15.0,2023,Saudi Arabia
DEV,37.0,95.127,35.485,29.869,29.773,HARD,20.0,2.0,1,False,False,15.0,2023,Saudi Arabia
DEV,38.0,95.591,36.087,29.76,29.744,HARD,21.0,2.0,1,False,False,15.0,2023,Saudi Arabia
DEV,39.0,95.769,35.687,29.775,30.307,HARD,22.0,2.0,1,False,False,15.0,2023,Saudi Arabia
DEV,40.0,95.091,35.505,29.7,29.886,HARD,23.0,2.0,1,False,False,15.0,2023,Saudi Arabia
DEV,41.0,95.319,35.508,29.746,30.065,HARD,24.0,2.0,1,False,False,14.0,2023,Saudi Arabia
DEV,42.0,94.968,35.22,29.669,30.079,HARD,25.0,2.0,1,False,False,14.0,2023,Saudi Arabia
DEV,43.0,94.22,34.65,29.746,29.824,HARD,26.0,2.0,1,False,False,14.0,2023,Saudi Arabia
DEV,44.0,94.036,34.556,29.667,29.813,HARD,27.0,2.0,1,False,False,14.0,2023,Saudi Arabia
DEV,45.0,94.126,34.689,29.687,29.75,HARD,28.0,2.0,1,False,False,14.0,2023,Saudi Arabia
DEV,46.0,94.135,34.568,29.683,29.884,HARD,29.0,2.0,1,False,False,14.0,2023,Saudi Arabia
DEV,47.0,94.183,34.668,29.656,29.859,HARD,30.0,2.0,1,False,False,14.0,2023,Saudi Arabia
DEV,48.0,94.199,34.627,29.688,29.884,HARD,31.0,2.0,1,False,False,14.0,2023,Saudi Arabia
DEV,49.0,93.609,34.354,29.506,29.749,HARD,32.0,2.0,1,False,False,14.0,2023,Saudi Arabia
DEV,50.0,93.925,34.467,29.59,29.868,HARD,33.0,2.0,1,False,False,14.0,2023,Saudi Arabia
TSU,1.0,105.589,,31.516,31.021,MEDIUM,1.0,1.0,1,False,False,14.0,2023,Saudi Arabia
TSU,2.0,98.171,36.882,30.821,30.468,MEDIUM,2.0,1.0,1,False,False,14.0,2023,Saudi Arabia
TSU,3.0,97.15,36.148,30.536,30.466,MEDIUM,3.0,1.0,1,False,False,14.0,2023,Saudi Arabia
TSU,4.0,97.006,36.013,30.739,30.254,MEDIUM,4.0,1.0,1,False,False,14.0,2023,Saudi Arabia
TSU,5.0,96.705,35.7,30.622,30.383,MEDIUM,5.0,1.0,1,False,False,14.0,2023,Saudi Arabia
TSU,6.0,96.788,35.977,30.504,30.307,MEDIUM,6.0,1.0,1,False,False,14.0,2023,Saudi Arabia
TSU,7.0,96.655,35.728,30.569,30.358,MEDIUM,7.0,1.0,1,False,False,14.0,2023,Saudi Arabia
TSU,8.0,96.569,35.745,30.508,30.316,MEDIUM,8.0,1.0,1,False,False,13.0,2023,Saudi Arabia
TSU,9.0,96.285,35.557,30.381,30.347,MEDIUM,9.0,1.0,1,False,False,13.0,2023,Saudi Arabia
TSU,10.0,96.187,35.502,30.397,30.288,MEDIUM,10.0,1.0,1,False,False,13.0,2023,Saudi Arabia
TSU,11.0,96.2,35.469,30.352,30.379,MEDIUM,11.0,1.0,1,False,False,12.0,2023,Saudi Arabia
TSU,12.0,95.839,35.255,30.232,30.352,MEDIUM,12.0,1.0,1,False,False,11.0,2023,Saudi Arabia
TSU,13.0,96.087,35.257,30.322,30.508,MEDIUM,13.0,1.0,1,False,False,11.0,2023,Saudi Arabia
TSU,14.0,95.938,35.276,30.304,30.358,MEDIUM,14.0,1.0,1,False,False,10.0,2023,Saudi Arabia
TSU,15.0,95.616,35.075,30.191,30.35,MEDIUM,15.0,1.0,1,False,False,9.0,2023,Saudi Arabia
TSU,16.0,95.638,35.036,30.265,30.337,MEDIUM,16.0,1.0,1,False,False,8.0,2023,Saudi Arabia
TSU,17.0,102.41,35.124,30.278,37.008,MEDIUM,17.0,1.0,124,False,True,6.0,2023,Saudi Arabia
TSU,18.0,149.289,62.976,43.957,42.356,HARD,1.0,2.0,4,True,False,8.0,2023,Saudi Arabia
TSU,19.0,134.657,38.333,41.681,54.643,HARD,2.0,2.0,4,False,False,8.0,2023,Saudi Arabia
TSU,20.0,,55.882,49.118,47.401,HARD,3.0,2.0,41,False,False,8.0,2023,Saudi Arabia
TSU,21.0,98.152,37.266,30.53,30.356,HARD,4.0,2.0,1,False,False,8.0,2023,Saudi Arabia
TSU,22.0,96.197,35.785,30.243,30.169,HARD,5.0,2.0,1,False,False,8.0,2023,Saudi Arabia
TSU,23.0,95.717,35.41,30.164,30.143,HARD,6.0,2.0,1,False,False,8.0,2023,Saudi Arabia
TSU,24.0,96.425,35.871,30.342,30.212,HARD,7.0,2.0,1,False,False,9.0,2023,Saudi Arabia
TSU,25.0,96.833,36.443,30.251,30.139,HARD,8.0,2.0,1,False,False,10.0,2023,Saudi Arabia
TSU,26.0,95.513,35.364,30.084,30.065,HARD,9.0,2.0,1,False,False,10.0,2023,Saudi Arabia
TSU,27.0,95.392,35.318,30.085,29.989,HARD,10.0,2.0,1,False,False,10.0,2023,Saudi Arabia
TSU,28.0,95.155,35.162,30.021,29.972,HARD,11.0,2.0,1,False,False,10.0,2023,Saudi Arabia
TSU,29.0,94.791,34.889,30.007,29.895,HARD,12.0,2.0,1,False,False,10.0,2023,Saudi Arabia
TSU,30.0,95.113,35.004,30.111,29.998,HARD,13.0,2.0,1,False,False,10.0,2023,Saudi Arabia
TSU,31.0,94.929,34.898,29.993,30.038,HARD,14.0,2.0,1,False,False,10.0,2023,Saudi Arabia
TSU,32.0,95.246,35.056,30.198,29.992,HARD,15.0,2.0,1,False,False,10.0,2023,Saudi Arabia
TSU,33.0,94.797,34.937,29.998,29.862,HARD,16.0,2.0,1,False,False,10.0,2023,Saudi Arabia
TSU,34.0,94.925,34.895,30.036,29.994,HARD,17.0,2.0,1,False,False,10.0,2023,Saudi Arabia
TSU,35.0,94.878,34.829,29.986,30.063,HARD,18.0,2.0,1,False,False,10.0,2023,Saudi Arabia
TSU,36.0,94.61,34.693,30.002,29.915,HARD,19.0,2.0,1,False,False,10.0,2023,Saudi Arabia
TSU,37.0,94.715,34.768,29.975,29.972,HARD,20.0,2.0,1,False,False,10.0,2023,Saudi Arabia
TSU,38.0,94.488,34.665,29.928,29.895,HARD,21.0,2.0,1,False,False,10.0,2023,Saudi Arabia
TSU,39.0,94.353,34.593,29.907,29.853,HARD,22.0,2.0,1,False,False,10.0,2023,Saudi Arabia
TSU,40.0,94.373,34.694,29.881,29.798000000000002,HARD,23.0,2.0,1,False,False,10.0,2023,Saudi Arabia
TSU,41.0,94.316,34.614,29.832,29.87,HARD,24.0,2.0,1,False,False,10.0,2023,Saudi Arabia
TSU,42.0,94.056,34.343,29.846,29.867,HARD,25.0,2.0,1,False,False,10.0,2023,Saudi Arabia
TSU,43.0,93.989,34.447,29.704,29.838,HARD,26.0,2.0,1,False,False,10.0,2023,Saudi Arabia
TSU,44.0,94.189,34.514,29.773,29.902,HARD,27.0,2.0,1,False,False,10.0,2023,Saudi Arabia
TSU,45.0,94.599,34.674,29.754,30.171,HARD,28.0,2.0,1,False,False,11.0,2023,Saudi Arabia
TSU,46.0,97.002,36.789,30.256,29.957,HARD,29.0,2.0,1,False,False,11.0,2023,Saudi Arabia
TSU,47.0,94.282,34.624,29.796,29.862,HARD,30.0,2.0,1,False,False,11.0,2023,Saudi Arabia
TSU,48.0,94.125,34.541,29.711,29.873,HARD,31.0,2.0,1,False,False,11.0,2023,Saudi Arabia
TSU,49.0,94.117,34.572,29.706,29.839,HARD,32.0,2.0,1,False,False,11.0,2023,Saudi Arabia
TSU,50.0,93.931,34.408,29.737,29.786,HARD,33.0,2.0,1,False,False,11.0,2023,Saudi Arabia
ALB,1.0,105.985,,31.629,31.192,MEDIUM,1.0,1.0,1,False,False,16.0,2023,Saudi Arabia
ALB,2.0,98.916,37.229,30.754,30.933,MEDIUM,2.0,1.0,1,False,False,16.0,2023,Saudi Arabia
ALB,3.0,97.065,36.292,30.373,30.4,MEDIUM,3.0,1.0,1,False,False,16.0,2023,Saudi Arabia
ALB,4.0,96.913,36.096,30.377,30.44,MEDIUM,4.0,1.0,1,False,False,16.0,2023,Saudi Arabia
ALB,5.0,97.108,36.085,30.336,30.687,MEDIUM,5.0,1.0,1,False,False,16.0,2023,Saudi Arabia
ALB,6.0,97.004,36.026,30.468,30.51,MEDIUM,6.0,1.0,1,False,False,16.0,2023,Saudi Arabia
ALB,7.0,97.577,36.296,30.235,31.046,MEDIUM,7.0,1.0,1,False,False,16.0,2023,Saudi Arabia
ALB,8.0,97.053,36.31,30.285,30.458,MEDIUM,8.0,1.0,1,False,False,15.0,2023,Saudi Arabia
ALB,9.0,96.126,35.551,30.19,30.385,MEDIUM,9.0,1.0,1,False,False,14.0,2023,Saudi Arabia
ALB,10.0,96.311,35.8,30.213,30.298,MEDIUM,10.0,1.0,1,False,False,14.0,2023,Saudi Arabia
ALB,11.0,95.911,35.469,30.055,30.387,MEDIUM,11.0,1.0,1,False,False,14.0,2023,Saudi Arabia
ALB,12.0,96.066,35.463,30.255,30.348,MEDIUM,12.0,1.0,1,False,False,12.0,2023,Saudi Arabia
ALB,13.0,96.026,35.39,30.282,30.354,MEDIUM,13.0,1.0,1,False,False,12.0,2023,Saudi Arabia
ALB,14.0,96.878,35.841,30.332,30.705,MEDIUM,14.0,1.0,1,False,False,12.0,2023,Saudi Arabia
ALB,15.0,96.622,35.879,30.304,30.439,MEDIUM,15.0,1.0,1,False,False,11.0,2023,Saudi Arabia
ALB,16.0,96.83,35.979,30.354,30.497,MEDIUM,16.0,1.0,1,False,False,11.0,2023,Saudi Arabia
ALB,17.0,104.635,35.86,30.332,38.443,MEDIUM,17.0,1.0,124,False,True,9.0,2023,Saudi Arabia
ALB,18.0,,64.081,42.854,43.454,HARD,1.0,2.0,4,True,False,13.0,2023,Saudi Arabia
ALB,19.0,130.688,39.237,38.483,52.968,HARD,2.0,2.0,4,False,False,12.0,2023,Saudi Arabia
ALB,20.0,148.46,54.761,49.276,44.423,HARD,3.0,2.0,41,False,False,12.0,2023,Saudi Arabia
ALB,21.0,99.011,37.749,30.516,30.746,HARD,4.0,2.0,1,False,False,13.0,2023,Saudi Arabia
ALB,22.0,96.964,36.191,30.205,30.568,HARD,5.0,2.0,1,False,False,13.0,2023,Saudi Arabia
ALB,23.0,95.656,35.895,29.943,29.818,HARD,6.0,2.0,1,False,False,13.0,2023,Saudi Arabia
ALB,24.0,95.567,35.643,29.962,29.962,HARD,7.0,2.0,1,False,False,13.0,2023,Saudi Arabia
ALB,25.0,96.007,35.973,29.944,30.09,HARD,8.0,2.0,1,False,False,13.0,2023,Saudi Arabia
ALB,26.0,98.229,36.237,30.742,31.25,HARD,9.0,2.0,1,False,False,15.0,2023,Saudi Arabia
ALB,27.0,,52.325,42.259,57.365,HARD,10.0,2.0,1,False,True,19.0,2023,Saudi Arabia
ZHO,1.0,104.564,,31.695,31.399,MEDIUM,1.0,1.0,1,False,False,10.0,2023,Saudi Arabia
ZHO,2.0,96.615,35.883,30.28,30.452,MEDIUM,2.0,1.0,1,False,False,10.0,2023,Saudi Arabia
ZHO,3.0,96.26,35.622,30.344,30.294,MEDIUM,3.0,1.0,1,False,False,10.0,2023,Saudi Arabia
ZHO,4.0,96.359,35.667,30.421,30.271,MEDIUM,4.0,1.0,1,False,False,10.0,2023,Saudi Arabia
ZHO,5.0,96.314,35.647,30.329,30.338,MEDIUM,5.0,1.0,1,False,False,10.0,2023,Saudi Arabia
ZHO,6.0,95.928,35.515,30.277,30.136,MEDIUM,6.0,1.0,1,False,False,10.0,2023,Saudi Arabia
ZHO,7.0,96.506,35.59,30.571,30.345,MEDIUM,7.0,1.0,1,False,False,10.0,2023,Saudi Arabia
ZHO,8.0,97.134,36.42,30.382,30.332,MEDIUM,8.0,1.0,1,False,False,11.0,2023,Saudi Arabia
ZHO,9.0,96.451,35.535,30.439,30.477,MEDIUM,9.0,1.0,1,False,False,11.0,2023,Saudi Arabia
ZHO,10.0,96.253,35.578,30.376,30.299,MEDIUM,10.0,1.0,1,False,False,11.0,2023,Saudi Arabia
ZHO,11.0,99.247,35.683,30.315,33.249,MEDIUM,11.0,1.0,1,False,True,11.0,2023,Saudi Arabia
ZHO,12.0,115.874,55.211,30.14,30.523,HARD,1.0,2.0,1,True,False,17.0,2023,Saudi Arabia
ZHO,13.0,95.263,34.978,30.002,30.283,HARD,2.0,2.0,1,False,False,16.0,2023,Saudi Arabia
ZHO,14.0,95.547,35.229,30.062,30.256,HARD,3.0,2.0,1,False,False,16.0,2023,Saudi Arabia
ZHO,15.0,95.618,35.273,30.079,30.266,HARD,4.0,2.0,1,False,False,16.0,2023,Saudi Arabia
ZHO,16.0,95.98,35.417,30.157,30.406,HARD,5.0,2.0,1,False,False,16.0,2023,Saudi Arabia
ZHO,17.0,109.326,35.244,30.68,43.402,HARD,6.0,2.0,124,False,False,15.0,2023,Saudi Arabia
ZHO,18.0,137.713,49.47,42.617,45.626,HARD,7.0,2.0,4,False,True,14.0,2023,Saudi Arabia
ZHO,19.0,135.298,58.987,32.236,44.075,MEDIUM,1.0,3.0,4,True,False,17.0,2023,Saudi Arabia
ZHO,20.0,141.617,53.529,48.283,39.805,MEDIUM,2.0,3.0,41,False,False,17.0,2023,Saudi Arabia
ZHO,21.0,98.769,37.616,30.496,30.657,MEDIUM,3.0,3.0,1,False,False,16.0,2023,Saudi Arabia
ZHO,22.0,97.391,36.854,30.292,30.245,MEDIUM,4.0,3.0,1,False,False,16.0,2023,Saudi Arabia
ZHO,23.0,96.346,35.996,30.335,30.015,MEDIUM,5.0,3.0,1,False,False,15.0,2023,Saudi Arabia
ZHO,24.0,95.452,35.17,30.079,30.203,MEDIUM,6.0,3.0,1,False,False,15.0,2023,Saudi Arabia
ZHO,25.0,95.56,35.476,30.044,30.04,MEDIUM,7.0,3.0,1,False,False,15.0,2023,Saudi Arabia
ZHO,26.0,96.338,35.745,30.365,30.228,MEDIUM,8.0,3.0,1,False,False,14.0,2023,Saudi Arabia
ZHO,27.0,95.629,35.716,29.879,30.034,MEDIUM,9.0,3.0,1,False,False,14.0,2023,Saudi Arabia
ZHO,28.0,95.4,35.671,29.814,29.915,MEDIUM,10.0,3.0,1,False,False,14.0,2023,Saudi Arabia
ZHO,29.0,94.811,35.246,29.84,29.725,MEDIUM,11.0,3.0,1,False,False,14.0,2023,Saudi Arabia
ZHO,30.0,96.153,36.055,30.021,30.077,MEDIUM,12.0,3.0,1,False,False,14.0,2023,Saudi Arabia
ZHO,31.0,95.268,35.511,29.919,29.838,MEDIUM,13.0,3.0,1,False,False,14.0,2023,Saudi Arabia
ZHO,32.0,95.136,35.313,29.99,29.833,MEDIUM,14.0,3.0,1,False,False,14.0,2023,Saudi Arabia
ZHO,33.0,95.397,35.515,30.035,29.847,MEDIUM,15.0,3.0,1,False,False,14.0,2023,Saudi Arabia
ZHO,34.0,95.361,35.442,30.021,29.898,MEDIUM,16.0,3.0,1,False,False,14.0,2023,Saudi Arabia
ZHO,35.0,95.164,35.358,30.039,29.767,MEDIUM,17.0,3.0,1,False,False,14.0,2023,Saudi Arabia
ZHO,36.0,95.233,35.337,29.963,29.933,MEDIUM,18.0,3.0,1,False,False,14.0,2023,Saudi Arabia
ZHO,37.0,95.391,35.679,29.905,29.807,MEDIUM,19.0,3.0,1,False,False,14.0,2023,Saudi Arabia
ZHO,38.0,95.158,35.027,30.008,30.123,MEDIUM,20.0,3.0,1,False,False,13.0,2023,Saudi Arabia
ZHO,39.0,94.646,34.718,29.924,30.004,MEDIUM,21.0,3.0,1,False,False,13.0,2023,Saudi Arabia
ZHO,40.0,94.764,34.787,29.919,30.058,MEDIUM,22.0,3.0,1,False,False,13.0,2023,Saudi Arabia
ZHO,41.0,94.363,34.607,29.767,29.989,MEDIUM,23.0,3.0,1,False,False,13.0,2023,Saudi Arabia
ZHO,42.0,94.825,34.746,29.923000000000002,30.156,MEDIUM,24.0,3.0,1,False,False,13.0,2023,Saudi Arabia
ZHO,43.0,94.514,34.732,29.784,29.998,MEDIUM,25.0,3.0,1,False,False,13.0,2023,Saudi Arabia
ZHO,44.0,94.622,34.763,29.772,30.087,MEDIUM,26.0,3.0,1,False,False,13.0,2023,Saudi Arabia
ZHO,45.0,94.541,34.749,29.846,29.946,MEDIUM,27.0,3.0,1,False,False,13.0,2023,Saudi Arabia
ZHO,46.0,94.538,34.688,29.765,30.085,MEDIUM,28.0,3.0,1,False,False,13.0,2023,Saudi Arabia
ZHO,47.0,94.18,34.556,29.679,29.945,MEDIUM,29.0,3.0,1,False,False,13.0,2023,Saudi Arabia
ZHO,48.0,94.138,34.551,29.714,29.873,MEDIUM,30.0,3.0,1,False,False,13.0,2023,Saudi Arabia
ZHO,49.0,93.894,34.426,29.505,29.963,MEDIUM,31.0,3.0,1,False,False,13.0,2023,Saudi Arabia
ZHO,50.0,94.105,34.322,29.732,30.051,MEDIUM,32.0,3.0,1,False,False,13.0,2023,Saudi Arabia
HUL,1.0,104.753,,31.654,31.362,MEDIUM,1.0,1.0,1,False,False,12.0,2023,Saudi Arabia
HUL,2.0,97.67,36.72,30.49,30.46,MEDIUM,2.0,1.0,1,False,False,12.0,2023,Saudi Arabia
HUL,3.0,96.538,36.116,30.193,30.229,MEDIUM,3.0,1.0,1,False,False,12.0,2023,Saudi Arabia
HUL,4.0,97.593,37.098,30.267,30.228,MEDIUM,4.0,1.0,1,False,False,13.0,2023,Saudi Arabia
HUL,5.0,96.753,36.077,30.149,30.527,MEDIUM,5.0,1.0,1,False,False,13.0,2023,Saudi Arabia
HUL,6.0,96.095,35.658,30.257,30.18,MEDIUM,6.0,1.0,1,False,False,12.0,2023,Saudi Arabia
HUL,7.0,96.398,35.715,30.316,30.367,MEDIUM,7.0,1.0,1,False,False,12.0,2023,Saudi Arabia
HUL,8.0,96.282,35.559,30.369,30.354,MEDIUM,8.0,1.0,1,False,False,12.0,2023,Saudi Arabia
HUL,9.0,96.613,35.657,30.246,30.71,MEDIUM,9.0,1.0,1,False,False,12.0,2023,Saudi Arabia
HUL,10.0,96.166,35.667,30.269,30.23,MEDIUM,10.0,1.0,1,False,False,12.0,2023,Saudi Arabia
HUL,11.0,99.066,35.802,30.23,33.034,MEDIUM,11.0,1.0,1,False,True,13.0,2023,Saudi Arabia
HUL,12.0,113.453,53.513,29.925,30.015,HARD,1.0,2.0,1,True,False,16.0,2023,Saudi Arabia
HUL,13.0,95.892,35.946,29.984,29.962,HARD,2.0,2.0,1,False,False,17.0,2023,Saudi Arabia
HUL,14.0,96.821,36.134,30.356,30.331,HARD,3.0,2.0,1,False,False,17.0,2023,Saudi Arabia
HUL,15.0,96.004,35.472,30.268,30.264,HARD,4.0,2.0,1,False,False,17.0,2023,Saudi Arabia
HUL,16.0,95.932,35.621,30.094,30.217,HARD,5.0,2.0,1,False,False,17.0,2023,Saudi Arabia
HUL,17.0,109.761,35.533,31.043,43.185,HARD,6.0,2.0,124,False,False,16.0,2023,Saudi Arabia
HUL,18.0,136.855,48.894,43.578,44.383,HARD,7.0,2.0,4,False,False,15.0,2023,Saudi Arabia
HUL,19.0,127.15,39.247,34.367,53.536,HARD,8.0,2.0,4,False,False,13.0,2023,Saudi Arabia
HUL,20.0,146.826,55.097,48.247,43.482,HARD,9.0,2.0,41,False,False,13.0,2023,Saudi Arabia
HUL,21.0,98.42,37.492,30.449,30.479,HARD,10.0,2.0,1,False,False,12.0,2023,Saudi Arabia
HUL,22.0,96.951,36.389,30.247,30.315,HARD,11.0,2.0,1,False,False,12.0,2023,Saudi Arabia
HUL,23.0,95.533,35.998,29.791,29.744,HARD,12.0,2.0,1,False,False,12.0,2023,Saudi Arabia
HUL,24.0,95.782,35.964,29.838,29.98,HARD,13.0,2.0,1,False,False,12.0,2023,Saudi Arabia
HUL,25.0,95.891,36.105,29.866,29.92,HARD,14.0,2.0,1,False,False,12.0,2023,Saudi Arabia
HUL,26.0,96.043,36.101,30.023,29.919,HARD,15.0,2.0,1,False,False,12.0,2023,Saudi Arabia
HUL,27.0,96.238,35.797,30.202,30.239,HARD,16.0,2.0,1,False,False,12.0,2023,Saudi Arabia
HUL,28.0,95.62,35.439,29.912,30.269,HARD,17.0,2.0,1,False,False,12.0,2023,Saudi Arabia
HUL,29.0,95.176,35.171,29.875,30.13,HARD,18.0,2.0,1,False,False,12.0,2023,Saudi Arabia
HUL,30.0,96.263,36.309,29.923000000000002,30.031,HARD,19.0,2.0,1,False,False,12.0,2023,Saudi Arabia
HUL,31.0,95.038,35.077,29.805,30.156,HARD,20.0,2.0,1,False,False,12.0,2023,Saudi Arabia
HUL,32.0,95.368,35.335,29.936,30.097,HARD,21.0,2.0,1,False,False,12.0,2023,Saudi Arabia
HUL,33.0,95.028,35.177,29.928,29.923000000000002,HARD,22.0,2.0,1,False,False,12.0,2023,Saudi Arabia
HUL,34.0,95.478,35.447,30.029,30.002,HARD,23.0,2.0,1,False,False,12.0,2023,Saudi Arabia
HUL,35.0,95.013,35.078,29.98,29.955,HARD,24.0,2.0,1,False,False,12.0,2023,Saudi Arabia
HUL,36.0,94.957,34.969,29.914,30.074,HARD,25.0,2.0,1,False,False,12.0,2023,Saudi Arabia
HUL,37.0,94.809,34.941,29.859,30.009,HARD,26.0,2.0,1,False,False,12.0,2023,Saudi Arabia
HUL,38.0,94.03,34.547,29.644,29.839,HARD,27.0,2.0,1,False,False,12.0,2023,Saudi Arabia
HUL,39.0,94.263,34.703,29.646,29.914,HARD,28.0,2.0,1,False,False,12.0,2023,Saudi Arabia
HUL,40.0,94.365,34.772,29.663,29.93,HARD,29.0,2.0,1,False,False,12.0,2023,Saudi Arabia
HUL,41.0,94.047,34.647,29.544,29.856,HARD,30.0,2.0,1,False,False,12.0,2023,Saudi Arabia
HUL,42.0,94.351,34.752,29.642,29.957,HARD,31.0,2.0,1,False,False,12.0,2023,Saudi Arabia
HUL,43.0,94.388,34.736,29.691,29.961,HARD,32.0,2.0,1,False,False,12.0,2023,Saudi Arabia
HUL,44.0,94.168,34.616,29.635,29.917,HARD,33.0,2.0,1,False,False,12.0,2023,Saudi Arabia
HUL,45.0,94.822,35.204,29.635,29.983,HARD,34.0,2.0,1,False,False,12.0,2023,Saudi Arabia
HUL,46.0,94.481,34.924,29.614,29.943,HARD,35.0,2.0,1,False,False,12.0,2023,Saudi Arabia
HUL,47.0,94.426,34.829,29.69,29.907,HARD,36.0,2.0,1,False,False,12.0,2023,Saudi Arabia
HUL,48.0,94.026,34.656,29.576,29.794,HARD,37.0,2.0,1,False,False,12.0,2023,Saudi Arabia
HUL,49.0,94.106,34.666,29.576999999999998,29.863,HARD,38.0,2.0,1,False,False,12.0,2023,Saudi Arabia
HUL,50.0,93.78,34.597,29.415,29.768,HARD,39.0,2.0,1,False,False,12.0,2023,Saudi Arabia
OCO,1.0,100.245,,30.571,30.523,MEDIUM,1.0,1.0,1,False,False,6.0,2023,Saudi Arabia
OCO,2.0,97.006,36.175,30.442,30.389,MEDIUM,2.0,1.0,1,False,False,6.0,2023,Saudi Arabia
OCO,3.0,96.066,35.611,30.21,30.245,MEDIUM,3.0,1.0,1,False,False,6.0,2023,Saudi Arabia
OCO,4.0,95.729,35.173,30.333,30.223,MEDIUM,4.0,1.0,1,False,False,6.0,2023,Saudi Arabia
OCO,5.0,95.849,35.198,30.387,30.264,MEDIUM,5.0,1.0,1,False,False,6.0,2023,Saudi Arabia
OCO,6.0,95.794,35.216,30.297,30.281,MEDIUM,6.0,1.0,1,False,False,6.0,2023,Saudi Arabia
OCO,7.0,95.847,35.276,30.314,30.257,MEDIUM,7.0,1.0,1,False,False,6.0,2023,Saudi Arabia
OCO,8.0,96.212,35.576,30.327,30.309,MEDIUM,8.0,1.0,1,False,False,6.0,2023,Saudi Arabia
OCO,9.0,95.924,35.3,30.325,30.299,MEDIUM,9.0,1.0,1,False,False,6.0,2023,Saudi Arabia
OCO,10.0,95.955,35.371,30.247,30.337,MEDIUM,10.0,1.0,1,False,False,6.0,2023,Saudi Arabia
OCO,11.0,95.901,35.334,30.261,30.306,MEDIUM,11.0,1.0,1,False,False,6.0,2023,Saudi Arabia
OCO,12.0,96.266,35.496,30.356,30.414,MEDIUM,12.0,1.0,1,False,False,6.0,2023,Saudi Arabia
OCO,13.0,97.156,36.284,30.428,30.444,MEDIUM,13.0,1.0,1,False,False,7.0,2023,Saudi Arabia
OCO,14.0,96.579,36.085,30.298,30.196,MEDIUM,14.0,1.0,1,False,False,7.0,2023,Saudi Arabia
OCO,15.0,96.209,35.355,30.376,30.478,MEDIUM,15.0,1.0,1,False,False,7.0,2023,Saudi Arabia
OCO,16.0,98.567,35.207,30.273,33.087,MEDIUM,16.0,1.0,1,False,True,7.0,2023,Saudi Arabia
OCO,17.0,125.968,53.492,30.809,41.667,HARD,1.0,2.0,124,True,False,12.0,2023,Saudi Arabia
OCO,18.0,134.175,48.193,43.987,41.995,HARD,2.0,2.0,4,False,False,9.0,2023,Saudi Arabia
OCO,19.0,134.215,37.776,41.996,54.443,HARD,3.0,2.0,4,False,False,9.0,2023,Saudi Arabia
OCO,20.0,,56.406,48.688,46.83,HARD,4.0,2.0,41,False,False,9.0,2023,Saudi Arabia
OCO,21.0,98.033,37.158,30.373,30.502,HARD,5.0,2.0,1,False,False,9.0,2023,Saudi Arabia
OCO,22.0,96.558,36.007,30.251,30.3,HARD,6.0,2.0,1,False,False,9.0,2023,Saudi Arabia
OCO,23.0,95.212,35.385,29.942,29.885,HARD,7.0,2.0,1,False,False,9.0,2023,Saudi Arabia
OCO,24.0,94.882,34.703,30.04,30.139,HARD,8.0,2.0,1,False,False,8.0,2023,Saudi Arabia
OCO,25.0,95.131,34.995,30.074,30.062,HARD,9.0,2.0,1,False,False,8.0,2023,Saudi Arabia
OCO,26.0,94.609,34.762,29.881,29.966,HARD,10.0,2.0,1,False,False,8.0,2023,Saudi Arabia
OCO,27.0,94.903,34.89,29.971,30.042,HARD,11.0,2.0,1,False,False,8.0,2023,Saudi Arabia
OCO,28.0,94.918,34.893,30.013,30.012,HARD,12.0,2.0,1,False,False,8.0,2023,Saudi Arabia
OCO,29.0,94.582,34.778,29.928,29.876,HARD,13.0,2.0,1,False,False,8.0,2023,Saudi Arabia
OCO,30.0,94.978,34.899,29.979,30.1,HARD,14.0,2.0,1,False,False,8.0,2023,Saudi Arabia
OCO,31.0,94.79,34.741,29.95,30.099,HARD,15.0,2.0,1,False,False,8.0,2023,Saudi Arabia
OCO,32.0,94.641,34.841,29.891,29.909,HARD,16.0,2.0,1,False,False,8.0,2023,Saudi Arabia
OCO,33.0,94.394,34.546,29.89,29.958,HARD,17.0,2.0,1,False,False,8.0,2023,Saudi Arabia
OCO,34.0,94.698,34.804,29.912,29.982,HARD,18.0,2.0,1,False,False,8.0,2023,Saudi Arabia
OCO,35.0,94.644,34.776,29.943,29.925,HARD,19.0,2.0,1,False,False,8.0,2023,Saudi Arabia
OCO,36.0,94.286,34.537,29.797,29.951999999999998,HARD,20.0,2.0,1,False,False,8.0,2023,Saudi Arabia
OCO,37.0,94.136,34.586,29.772,29.778,HARD,21.0,2.0,1,False,False,8.0,2023,Saudi Arabia
OCO,38.0,94.216,34.542,29.84,29.834,HARD,22.0,2.0,1,False,False,8.0,2023,Saudi Arabia
OCO,39.0,94.039,34.529,29.735,29.775,HARD,23.0,2.0,1,False,False,8.0,2023,Saudi Arabia
OCO,40.0,93.826,34.4,29.649,29.777,HARD,24.0,2.0,1,False,False,8.0,2023,Saudi Arabia
OCO,41.0,93.915,34.432,29.658,29.825,HARD,25.0,2.0,1,False,False,8.0,2023,Saudi Arabia
OCO,42.0,93.964,34.38,29.701999999999998,29.882,HARD,26.0,2.0,1,False,False,8.0,2023,Saudi Arabia
OCO,43.0,93.897,34.406,29.633,29.858,HARD,27.0,2.0,1,False,False,8.0,2023,Saudi Arabia
OCO,44.0,93.841,34.312,29.655,29.874,HARD,28.0,2.0,1,False,False,8.0,2023,Saudi Arabia
OCO,45.0,93.815,34.357,29.638,29.82,HARD,29.0,2.0,1,False,False,8.0,2023,Saudi Arabia
OCO,46.0,93.976,34.47,29.723,29.783,HARD,30.0,2.0,1,False,False,8.0,2023,Saudi Arabia
OCO,47.0,93.998,34.429,29.741,29.828,HARD,31.0,2.0,1,False,False,8.0,2023,Saudi Arabia
OCO,48.0,93.723,34.277,29.678,29.768,HARD,32.0,2.0,1,False,False,8.0,2023,Saudi Arabia
OCO,49.0,93.222,34.178,29.49,29.554,HARD,33.0,2.0,1,False,False,8.0,2023,Saudi Arabia
OCO,50.0,94.312,34.565,29.852,29.895,HARD,34.0,2.0,1,False,False,8.0,2023,Saudi Arabia
NOR,1.0,106.323,,31.462,31.199,SOFT,1.0,1.0,1,False,False,17.0,2023,Saudi Arabia
NOR,2.0,103.07,38.124,31.129,33.817,SOFT,2.0,1.0,1,False,True,19.0,2023,Saudi Arabia
NOR,3.0,123.534,61.889,30.814,30.831,HARD,1.0,2.0,1,True,False,20.0,2023,Saudi Arabia
NOR,4.0,96.627,36.023,30.224,30.38,HARD,2.0,2.0,1,False,False,20.0,2023,Saudi Arabia
NOR,5.0,95.929,35.157,30.317,30.455,HARD,3.0,2.0,1,False,False,20.0,2023,Saudi Arabia
NOR,6.0,95.963,35.238,30.39,30.335,HARD,4.0,2.0,1,False,False,20.0,2023,Saudi Arabia
NOR,7.0,95.771,35.175,30.229,30.367,HARD,5.0,2.0,1,False,False,20.0,2023,Saudi Arabia
NOR,8.0,95.523,35.054,30.118,30.351,HARD,6.0,2.0,1,False,False,20.0,2023,Saudi Arabia
NOR,9.0,95.721,35.056,30.125,30.54,HARD,7.0,2.0,1,False,False,20.0,2023,Saudi Arabia
NOR,10.0,96.141,35.339,30.3,30.502,HARD,8.0,2.0,1,False,False,20.0,2023,Saudi Arabia
NOR,11.0,96.1,35.385,30.236,30.479,HARD,9.0,2.0,1,False,False,20.0,2023,Saudi Arabia
NOR,12.0,96.285,35.314,30.375,30.596,HARD,10.0,2.0,1,False,False,20.0,2023,Saudi Arabia
NOR,13.0,96.269,35.484,30.298,30.487,HARD,11.0,2.0,1,False,False,20.0,2023,Saudi Arabia
NOR,14.0,96.289,35.394,30.282,30.613,HARD,12.0,2.0,1,False,False,20.0,2023,Saudi Arabia
NOR,15.0,96.228,35.381,30.358,30.489,HARD,13.0,2.0,1,False,False,20.0,2023,Saudi Arabia
NOR,16.0,96.446,35.715,30.265,30.466,HARD,14.0,2.0,1,False,False,20.0,2023,Saudi Arabia
NOR,17.0,116.008,35.293,40.028,40.687,HARD,15.0,2.0,124,False,False,18.0,2023,Saudi Arabia
NOR,18.0,137.711,50.87,42.522,44.319,HARD,16.0,2.0,4,False,False,18.0,2023,Saudi Arabia
NOR,19.0,120.488,43.889,33.388,43.211,HARD,17.0,2.0,4,False,True,18.0,2023,Saudi Arabia
NOR,20.0,138.348,53.844,46.022,38.482,MEDIUM,1.0,3.0,41,True,False,19.0,2023,Saudi Arabia
NOR,21.0,99.3,37.85,30.643,30.807,MEDIUM,2.0,3.0,1,False,False,19.0,2023,Saudi Arabia
NOR,22.0,97.7,36.728,30.725,30.247,MEDIUM,3.0,3.0,1,False,False,18.0,2023,Saudi Arabia
NOR,23.0,96.253,35.885,30.273,30.095,MEDIUM,4.0,3.0,1,False,False,18.0,2023,Saudi Arabia
NOR,24.0,96.251,36.02,30.178,30.053,MEDIUM,5.0,3.0,1,False,False,18.0,2023,Saudi Arabia
NOR,25.0,95.515,34.966,30.31,30.239,MEDIUM,6.0,3.0,1,False,False,17.0,2023,Saudi Arabia
NOR,26.0,95.315,35.187,30.037,30.091,MEDIUM,7.0,3.0,1,False,False,17.0,2023,Saudi Arabia
NOR,27.0,95.574,35.49,29.991,30.093,MEDIUM,8.0,3.0,1,False,False,16.0,2023,Saudi Arabia
NOR,28.0,95.724,35.616,30.057,30.051,MEDIUM,9.0,3.0,1,False,False,16.0,2023,Saudi Arabia
NOR,29.0,95.729,35.382,30.191,30.156,MEDIUM,10.0,3.0,1,False,False,16.0,2023,Saudi Arabia
NOR,30.0,95.446,35.382,30.043,30.021,MEDIUM,11.0,3.0,1,False,False,16.0,2023,Saudi Arabia
NOR,31.0,95.694,35.572,30.102,30.02,MEDIUM,12.0,3.0,1,False,False,16.0,2023,Saudi Arabia
NOR,32.0,95.478,35.286,30.003,30.189,MEDIUM,13.0,3.0,1,False,False,16.0,2023,Saudi Arabia
NOR,33.0,95.49,35.177,30.207,30.106,MEDIUM,14.0,3.0,1,False,False,16.0,2023,Saudi Arabia
NOR,34.0,95.481,35.0,30.235,30.246,MEDIUM,15.0,3.0,1,False,False,16.0,2023,Saudi Arabia
NOR,35.0,95.261,34.781,30.195,30.285,MEDIUM,16.0,3.0,1,False,False,16.0,2023,Saudi Arabia
NOR,36.0,95.158,34.918,30.061,30.179,MEDIUM,17.0,3.0,1,False,False,16.0,2023,Saudi Arabia
NOR,37.0,95.005,34.753,30.103,30.149,MEDIUM,18.0,3.0,1,False,False,16.0,2023,Saudi Arabia
NOR,38.0,94.658,34.856,29.888,29.914,MEDIUM,19.0,3.0,1,False,False,16.0,2023,Saudi Arabia
NOR,39.0,95.057,35.196,29.926,29.935,MEDIUM,20.0,3.0,1,False,False,16.0,2023,Saudi Arabia
NOR,40.0,95.549,35.651,29.957,29.941,MEDIUM,21.0,3.0,1,False,False,16.0,2023,Saudi Arabia
NOR,41.0,94.969,35.19,29.911,29.868,MEDIUM,22.0,3.0,1,False,False,15.0,2023,Saudi Arabia
NOR,42.0,96.183,36.194,29.941,30.048,MEDIUM,23.0,3.0,1,False,False,16.0,2023,Saudi Arabia
NOR,43.0,95.228,35.213,29.94,30.075,MEDIUM,24.0,3.0,1,False,False,16.0,2023,Saudi Arabia
NOR,44.0,95.519,35.243,30.024,30.252,MEDIUM,25.0,3.0,1,False,False,17.0,2023,Saudi Arabia
NOR,45.0,94.871,35.037,29.846,29.988,MEDIUM,26.0,3.0,1,False,False,16.0,2023,Saudi Arabia
NOR,46.0,94.532,34.728,29.781,30.023,MEDIUM,27.0,3.0,1,False,False,16.0,2023,Saudi Arabia
NOR,47.0,94.818,34.868,29.814,30.136,MEDIUM,28.0,3.0,1,False,False,16.0,2023,Saudi Arabia
NOR,48.0,95.378,35.632,29.909,29.837,MEDIUM,29.0,3.0,1,False,False,17.0,2023,Saudi Arabia
NOR,49.0,94.122,34.58,29.678,29.864,MEDIUM,30.0,3.0,1,False,False,17.0,2023,Saudi Arabia
NOR,50.0,95.307,35.462,30.019,29.826,MEDIUM,31.0,3.0,1,False,False,17.0,2023,Saudi Arabia
HAM,1.0,101.038,,30.681,30.632,HARD,1.0,1.0,1,False,False,7.0,2023,Saudi Arabia
HAM,2.0,97.188,36.475,30.265,30.448,HARD,2.0,1.0,1,False,False,7.0,2023,Saudi Arabia
HAM,3.0,96.628,36.103,30.205,30.32,HARD,3.0,1.0,1,False,False,7.0,2023,Saudi Arabia
HAM,4.0,96.263,35.85,30.138,30.275,HARD,4.0,1.0,1,False,False,7.0,2023,Saudi Arabia
HAM,5.0,95.867,35.612,30.02,30.235,HARD,5.0,1.0,1,False,False,7.0,2023,Saudi Arabia
HAM,6.0,95.973,35.513,30.14,30.32,HARD,6.0,1.0,1,False,False,7.0,2023,Saudi Arabia
HAM,7.0,96.093,35.669,30.158,30.266,HARD,7.0,1.0,1,False,False,7.0,2023,Saudi Arabia
HAM,8.0,96.122,35.713,30.134,30.275,HARD,8.0,1.0,1,False,False,7.0,2023,Saudi Arabia
HAM,9.0,96.978,36.517,30.175,30.286,HARD,9.0,1.0,1,False,False,8.0,2023,Saudi Arabia
HAM,10.0,95.976,35.711,30.071,30.194,HARD,10.0,1.0,1,False,False,8.0,2023,Saudi Arabia
HAM,11.0,95.909,35.495,30.128,30.286,HARD,11.0,1.0,1,False,False,8.0,2023,Saudi Arabia
HAM,12.0,96.568,36.173,30.166,30.229,HARD,12.0,1.0,1,False,False,9.0,2023,Saudi Arabia
HAM,13.0,95.822,35.518,30.056,30.248,HARD,13.0,1.0,1,False,False,9.0,2023,Saudi Arabia
HAM,14.0,95.708,35.503,30.038,30.167,HARD,14.0,1.0,1,False,False,8.0,2023,Saudi Arabia
HAM,15.0,95.693,35.337,30.139,30.217,HARD,15.0,1.0,1,False,False,8.0,2023,Saudi Arabia
HAM,16.0,95.228,35.358,29.906,29.964,HARD,16.0,1.0,1,False,False,6.0,2023,Saudi Arabia
HAM,17.0,95.047,34.931,29.96,30.156,HARD,17.0,1.0,12,False,False,5.0,2023,Saudi Arabia
HAM,18.0,136.76,47.21,43.956,45.594,HARD,18.0,1.0,24,False,True,5.0,2023,Saudi Arabia
HAM,19.0,,61.749,44.841,53.838,MEDIUM,1.0,2.0,4,True,False,6.0,2023,Saudi Arabia
HAM,20.0,,56.877,48.702,49.058,MEDIUM,2.0,2.0,41,False,False,6.0,2023,Saudi Arabia
HAM,21.0,97.234,37.212,29.993,30.029,MEDIUM,3.0,2.0,1,False,False,6.0,2023,Saudi Arabia
HAM,22.0,95.182,35.454,29.8,29.928,MEDIUM,4.0,2.0,1,False,False,5.0,2023,Saudi Arabia
HAM,23.0,94.715,35.111,29.694,29.91,MEDIUM,5.0,2.0,1,False,False,5.0,2023,Saudi Arabia
HAM,24.0,94.335,35.024,29.629,29.682,MEDIUM,6.0,2.0,1,False,False,5.0,2023,Saudi Arabia
HAM,25.0,94.734,35.197,29.641,29.896,MEDIUM,7.0,2.0,1,False,False,5.0,2023,Saudi Arabia
HAM,26.0,93.998,34.941,29.463,29.594,MEDIUM,8.0,2.0,1,False,False,5.0,2023,Saudi Arabia
HAM,27.0,93.985,35.029,29.402,29.554,MEDIUM,9.0,2.0,1,False,False,5.0,2023,Saudi Arabia
HAM,28.0,94.234,35.118,29.541,29.575,MEDIUM,10.0,2.0,1,False,False,5.0,2023,Saudi Arabia
HAM,29.0,94.186,34.887,29.487,29.812,MEDIUM,11.0,2.0,1,False,False,5.0,2023,Saudi Arabia
HAM,30.0,94.447,35.012,29.603,29.832,MEDIUM,12.0,2.0,1,False,False,5.0,2023,Saudi Arabia
HAM,31.0,93.846,34.637,29.429,29.78,MEDIUM,13.0,2.0,1,False,False,5.0,2023,Saudi Arabia
HAM,32.0,94.071,34.726,29.598,29.747,MEDIUM,14.0,2.0,1,False,False,5.0,2023,Saudi Arabia
HAM,33.0,93.874,34.799,29.449,29.626,MEDIUM,15.0,2.0,1,False,False,5.0,2023,Saudi Arabia
HAM,34.0,93.864,34.579,29.516,29.769,MEDIUM,16.0,2.0,1,False,False,5.0,2023,Saudi Arabia
HAM,35.0,93.887,34.653,29.499,29.735,MEDIUM,17.0,2.0,1,False,False,5.0,2023,Saudi Arabia
HAM,36.0,93.39,34.353,29.411,29.626,MEDIUM,18.0,2.0,1,False,False,5.0,2023,Saudi Arabia
HAM,37.0,93.625,34.3,29.476,29.849,MEDIUM,19.0,2.0,1,False,False,5.0,2023,Saudi Arabia
HAM,38.0,93.653,34.471,29.423,29.759,MEDIUM,20.0,2.0,1,False,False,5.0,2023,Saudi Arabia
HAM,39.0,93.383,34.304,29.429,29.65,MEDIUM,21.0,2.0,1,False,False,5.0,2023,Saudi Arabia
HAM,40.0,93.507,34.342,29.468,29.697,MEDIUM,22.0,2.0,1,False,False,5.0,2023,Saudi Arabia
HAM,41.0,93.22,34.246,29.304,29.67,MEDIUM,23.0,2.0,1,False,False,5.0,2023,Saudi Arabia
HAM,42.0,93.314,34.295,29.309,29.71,MEDIUM,24.0,2.0,1,False,False,5.0,2023,Saudi Arabia
HAM,43.0,93.011,34.199,29.248,29.564,MEDIUM,25.0,2.0,1,False,False,5.0,2023,Saudi Arabia
HAM,44.0,93.099,34.196,29.277,29.626,MEDIUM,26.0,2.0,1,False,False,5.0,2023,Saudi Arabia
HAM,45.0,93.054,34.154,29.26,29.64,MEDIUM,27.0,2.0,1,False,False,5.0,2023,Saudi Arabia
HAM,46.0,93.316,34.257,29.363,29.696,MEDIUM,28.0,2.0,1,False,False,5.0,2023,Saudi Arabia
HAM,47.0,92.941,34.026,29.225,29.69,MEDIUM,29.0,2.0,1,False,False,5.0,2023,Saudi Arabia
HAM,48.0,93.367,34.147,29.442,29.778,MEDIUM,30.0,2.0,1,False,False,5.0,2023,Saudi Arabia
HAM,49.0,93.537,34.37,29.437,29.73,MEDIUM,31.0,2.0,1,False,False,5.0,2023,Saudi Arabia
HAM,50.0,93.024,34.212,29.21,29.602,MEDIUM,32.0,2.0,1,False,False,5.0,2023,Saudi Arabia
SAI,1.0,99.413,,30.452,30.407,MEDIUM,1.0,1.0,1,False,False,5.0,2023,Saudi Arabia
SAI,2.0,96.583,36.252,30.222,30.109,MEDIUM,2.0,1.0,1,False,False,5.0,2023,Saudi Arabia
SAI,3.0,95.354,35.683,29.962,29.709,MEDIUM,3.0,1.0,1,False,False,5.0,2023,Saudi Arabia
SAI,4.0,95.428,35.562,30.086,29.78,MEDIUM,4.0,1.0,1,False,False,5.0,2023,Saudi Arabia
SAI,5.0,95.433,35.789,29.919,29.725,MEDIUM,5.0,1.0,1,False,False,5.0,2023,Saudi Arabia
SAI,6.0,95.667,35.778,30.123,29.766,MEDIUM,6.0,1.0,1,False,False,5.0,2023,Saudi Arabia
SAI,7.0,95.216,35.49,30.054,29.672,MEDIUM,7.0,1.0,1,False,False,5.0,2023,Saudi Arabia
SAI,8.0,95.321,35.571,29.929,29.821,MEDIUM,8.0,1.0,1,False,False,5.0,2023,Saudi Arabia
SAI,9.0,96.378,36.227,30.143,30.008,MEDIUM,9.0,1.0,1,False,False,5.0,2023,Saudi Arabia
SAI,10.0,96.056,35.619,30.202,30.235,MEDIUM,10.0,1.0,1,False,False,5.0,2023,Saudi Arabia
SAI,11.0,95.842,35.408,30.107,30.327,MEDIUM,11.0,1.0,1,False,False,5.0,2023,Saudi Arabia
SAI,12.0,95.944,35.558,30.151,30.235,MEDIUM,12.0,1.0,1,False,False,5.0,2023,Saudi Arabia
SAI,13.0,95.256,35.376,29.991,29.889,MEDIUM,13.0,1.0,1,False,False,4.0,2023,Saudi Arabia
SAI,14.0,95.001,34.772,30.131,30.098,MEDIUM,14.0,1.0,1,False,False,4.0,2023,Saudi Arabia
SAI,15.0,97.523,34.916,30.053,32.554,MEDIUM,15.0,1.0,1,False,True,4.0,2023,Saudi Arabia
SAI,16.0,113.399,53.073,30.196,30.13,HARD,1.0,2.0,1,True,False,9.0,2023,Saudi Arabia
SAI,17.0,102.111,35.116,29.946,37.049,HARD,2.0,2.0,124,False,False,7.0,2023,Saudi Arabia
SAI,18.0,132.896,44.914,43.977,44.005,HARD,3.0,2.0,4,False,False,6.0,2023,Saudi Arabia
SAI,19.0,145.323,42.02,46.951,56.352,HARD,4.0,2.0,4,False,False,5.0,2023,Saudi Arabia
SAI,20.0,,56.071,49.731,49.695,HARD,5.0,2.0,41,False,False,5.0,2023,Saudi Arabia
SAI,21.0,97.37,37.081,30.138,30.151,HARD,6.0,2.0,1,False,False,5.0,2023,Saudi Arabia
SAI,22.0,96.313,36.526,29.894,29.893,HARD,7.0,2.0,1,False,False,6.0,2023,Saudi Arabia
SAI,23.0,95.041,35.113,29.93,29.998,HARD,8.0,2.0,1,False,False,6.0,2023,Saudi Arabia
SAI,24.0,94.656,35.005,29.826,29.825,HARD,9.0,2.0,1,False,False,6.0,2023,Saudi Arabia
SAI,25.0,94.814,34.965,29.917,29.932,HARD,10.0,2.0,1,False,False,6.0,2023,Saudi Arabia
SAI,26.0,94.415,34.872,29.823,29.72,HARD,11.0,2.0,1,False,False,6.0,2023,Saudi Arabia
SAI,27.0,94.539,34.795,29.855,29.889,HARD,12.0,2.0,1,False,False,6.0,2023,Saudi Arabia
SAI,28.0,94.762,34.873,29.997,29.892,HARD,13.0,2.0,1,False,False,6.0,2023,Saudi Arabia
SAI,29.0,94.331,34.597,29.842,29.892,HARD,14.0,2.0,1,False,False,6.0,2023,Saudi Arabia
SAI,30.0,94.498,34.735,29.891,29.872,HARD,15.0,2.0,1,False,False,6.0,2023,Saudi Arabia
SAI,31.0,94.104,34.493,29.748,29.863,HARD,16.0,2.0,1,False,False,6.0,2023,Saudi Arabia
SAI,32.0,93.867,34.447,29.646,29.774,HARD,17.0,2.0,1,False,False,6.0,2023,Saudi Arabia
SAI,33.0,93.989,34.573,29.65,29.766,HARD,18.0,2.0,1,False,False,6.0,2023,Saudi Arabia
SAI,34.0,93.861,34.467,29.626,29.768,HARD,19.0,2.0,1,False,False,6.0,2023,Saudi Arabia
SAI,35.0,93.862,34.441,29.663,29.758,HARD,20.0,2.0,1,False,False,6.0,2023,Saudi Arabia
SAI,36.0,93.539,34.29,29.568,29.681,HARD,21.0,2.0,1,False,False,6.0,2023,Saudi Arabia
SAI,37.0,93.803,34.365,29.664,29.774,HARD,22.0,2.0,1,False,False,6.0,2023,Saudi Arabia
SAI,38.0,93.913,34.618,29.541,29.754,HARD,23.0,2.0,1,False,False,6.0,2023,Saudi Arabia
SAI,39.0,93.465,34.249,29.564,29.652,HARD,24.0,2.0,1,False,False,6.0,2023,Saudi Arabia
SAI,40.0,93.403,34.251,29.511,29.641,HARD,25.0,2.0,1,False,False,6.0,2023,Saudi Arabia
SAI,41.0,93.411,34.22,29.557,29.634,HARD,26.0,2.0,1,False,False,6.0,2023,Saudi Arabia
SAI,42.0,93.432,34.319,29.445,29.668,HARD,27.0,2.0,1,False,False,6.0,2023,Saudi Arabia
SAI,43.0,93.288,34.156,29.532,29.6,HARD,28.0,2.0,1,False,False,6.0,2023,Saudi Arabia
SAI,44.0,93.358,34.201,29.459,29.698,HARD,29.0,2.0,1,False,False,6.0,2023,Saudi Arabia
SAI,45.0,93.512,34.267,29.613,29.632,HARD,30.0,2.0,1,False,False,6.0,2023,Saudi Arabia
SAI,46.0,93.149,34.067,29.48,29.602,HARD,31.0,2.0,1,False,False,6.0,2023,Saudi Arabia
SAI,47.0,93.128,34.152,29.386,29.59,HARD,32.0,2.0,1,False,False,6.0,2023,Saudi Arabia
SAI,48.0,92.92,34.005,29.301,29.614,HARD,33.0,2.0,1,False,False,6.0,2023,Saudi Arabia
SAI,49.0,93.564,34.465,29.499,29.6,HARD,34.0,2.0,1,False,False,6.0,2023,Saudi Arabia
SAI,50.0,92.822,33.929,29.367,29.526,HARD,35.0,2.0,1,False,False,6.0,2023,Saudi Arabia
RUS,1.0,98.652,,30.241,30.322,MEDIUM,1.0,1.0,1,False,False,3.0,2023,Saudi Arabia
RUS,2.0,96.114,35.845,29.989,30.28,MEDIUM,2.0,1.0,1,False,False,3.0,2023,Saudi Arabia
RUS,3.0,95.3,35.308,30.037,29.955,MEDIUM,3.0,1.0,1,False,False,3.0,2023,Saudi Arabia
RUS,4.0,95.596,35.451,30.01,30.135,MEDIUM,4.0,1.0,1,False,False,3.0,2023,Saudi Arabia
RUS,5.0,95.423,35.261,30.013,30.149,MEDIUM,5.0,1.0,1,False,False,3.0,2023,Saudi Arabia
RUS,6.0,95.477,35.384,29.855,30.238,MEDIUM,6.0,1.0,1,False,False,3.0,2023,Saudi Arabia
RUS,7.0,95.256,35.248,29.896,30.112,MEDIUM,7.0,1.0,1,False,False,3.0,2023,Saudi Arabia
RUS,8.0,95.157,35.066,29.967,30.124,MEDIUM,8.0,1.0,1,False,False,3.0,2023,Saudi Arabia
RUS,9.0,95.89,35.327,30.296,30.267,MEDIUM,9.0,1.0,1,False,False,3.0,2023,Saudi Arabia
RUS,10.0,95.265,35.133,29.965,30.167,MEDIUM,10.0,1.0,1,False,False,3.0,2023,Saudi Arabia
RUS,11.0,95.4,35.215,30.009,30.176,MEDIUM,11.0,1.0,1,False,False,3.0,2023,Saudi Arabia
RUS,12.0,95.283,35.173,29.953,30.157,MEDIUM,12.0,1.0,1,False,False,3.0,2023,Saudi Arabia
RUS,13.0,95.043,34.973,29.898,30.172,MEDIUM,13.0,1.0,1,False,False,3.0,2023,Saudi Arabia
RUS,14.0,94.94,34.925,29.864,30.151,MEDIUM,14.0,1.0,1,False,False,3.0,2023,Saudi Arabia
RUS,15.0,94.946,34.801,29.994,30.151,MEDIUM,15.0,1.0,1,False,False,3.0,2023,Saudi Arabia
RUS,16.0,95.12,34.954,29.958,30.208,MEDIUM,16.0,1.0,1,False,False,3.0,2023,Saudi Arabia
RUS,17.0,94.892,34.825,29.893,30.174,MEDIUM,17.0,1.0,12,False,False,3.0,2023,Saudi Arabia
RUS,18.0,132.217,43.181,42.922,46.114,MEDIUM,18.0,1.0,24,False,True,3.0,2023,Saudi Arabia
RUS,19.0,,62.374,57.74,55.374,HARD,1.0,2.0,4,True,False,3.0,2023,Saudi Arabia
RUS,20.0,,56.645,49.07,51.86,HARD,2.0,2.0,41,False,False,3.0,2023,Saudi Arabia
RUS,21.0,96.802,36.791,30.01,30.001,HARD,3.0,2.0,1,False,False,3.0,2023,Saudi Arabia
RUS,22.0,95.07,35.387,29.805,29.878,HARD,4.0,2.0,1,False,False,3.0,2023,Saudi Arabia
RUS,23.0,94.958,34.995,29.648,30.315,HARD,5.0,2.0,1,False,False,4.0,2023,Saudi Arabia
RUS,24.0,95.063,35.3,29.796,29.967,HARD,6.0,2.0,1,False,False,4.0,2023,Saudi Arabia
RUS,25.0,94.106,34.714,29.586,29.806,HARD,7.0,2.0,1,False,False,4.0,2023,Saudi Arabia
RUS,26.0,94.493,34.954,29.744,29.795,HARD,8.0,2.0,1,False,False,4.0,2023,Saudi Arabia
RUS,27.0,94.118,34.807,29.52,29.791,HARD,9.0,2.0,1,False,False,4.0,2023,Saudi Arabia
RUS,28.0,94.091,34.764,29.575,29.752,HARD,10.0,2.0,1,False,False,4.0,2023,Saudi Arabia
RUS,29.0,93.688,34.505,29.425,29.758,HARD,11.0,2.0,1,False,False,4.0,2023,Saudi Arabia
RUS,30.0,94.165,34.598,29.682,29.885,HARD,12.0,2.0,1,False,False,4.0,2023,Saudi Arabia
RUS,31.0,93.433,34.298,29.385,29.75,HARD,13.0,2.0,1,False,False,4.0,2023,Saudi Arabia
RUS,32.0,93.633,34.355,29.513,29.765,HARD,14.0,2.0,1,False,False,4.0,2023,Saudi Arabia
RUS,33.0,93.52,34.438,29.465,29.617,HARD,15.0,2.0,1,False,False,4.0,2023,Saudi Arabia
RUS,34.0,93.758,34.527,29.491,29.74,HARD,16.0,2.0,1,False,False,4.0,2023,Saudi Arabia
RUS,35.0,93.756,34.486,29.535,29.735,HARD,17.0,2.0,1,False,False,4.0,2023,Saudi Arabia
RUS,36.0,93.625,34.459,29.494,29.672,HARD,18.0,2.0,1,False,False,4.0,2023,Saudi Arabia
RUS,37.0,93.524,34.432,29.521,29.571,HARD,19.0,2.0,1,False,False,4.0,2023,Saudi Arabia
RUS,38.0,93.42,34.261,29.407,29.752,HARD,20.0,2.0,1,False,False,4.0,2023,Saudi Arabia
RUS,39.0,93.555,34.407,29.509,29.639,HARD,21.0,2.0,1,False,False,4.0,2023,Saudi Arabia
RUS,40.0,93.459,34.44,29.352,29.667,HARD,22.0,2.0,1,False,False,4.0,2023,Saudi Arabia
RUS,41.0,92.998,34.181,29.273,29.544,HARD,23.0,2.0,1,False,False,4.0,2023,Saudi Arabia
RUS,42.0,93.041,34.243,29.279,29.519,HARD,24.0,2.0,1,False,False,4.0,2023,Saudi Arabia
RUS,43.0,93.083,34.195,29.25,29.638,HARD,25.0,2.0,1,False,False,4.0,2023,Saudi Arabia
RUS,44.0,93.243,34.26,29.381,29.602,HARD,26.0,2.0,1,False,False,4.0,2023,Saudi Arabia
RUS,45.0,92.917,34.139,29.27,29.508,HARD,27.0,2.0,1,False,False,4.0,2023,Saudi Arabia
RUS,46.0,92.982,34.188,29.299,29.495,HARD,28.0,2.0,1,False,False,4.0,2023,Saudi Arabia
RUS,47.0,92.901,34.167,29.235,29.499,HARD,29.0,2.0,1,False,False,4.0,2023,Saudi Arabia
RUS,48.0,92.756,33.841,29.174,29.741,HARD,30.0,2.0,1,False,False,4.0,2023,Saudi Arabia
RUS,49.0,93.135,34.245,29.248,29.642,HARD,31.0,2.0,1,False,False,4.0,2023,Saudi Arabia
RUS,50.0,92.433,33.785,29.221,29.427,HARD,32.0,2.0,1,False,False,4.0,2023,Saudi Arabia
BOT,1.0,105.612,,31.285,31.935,MEDIUM,1.0,1.0,1,False,False,15.0,2023,Saudi Arabia
BOT,2.0,98.763,37.285,30.801,30.677,MEDIUM,2.0,1.0,1,False,False,15.0,2023,Saudi Arabia
BOT,3.0,96.956,35.987,30.606,30.363,MEDIUM,3.0,1.0,1,False,False,15.0,2023,Saudi Arabia
BOT,4.0,97.211,36.134,30.653,30.424,MEDIUM,4.0,1.0,1,False,False,15.0,2023,Saudi Arabia
BOT,5.0,96.597,35.803,30.574,30.22,MEDIUM,5.0,1.0,1,False,False,15.0,2023,Saudi Arabia
BOT,6.0,97.418,36.112,30.698,30.608,MEDIUM,6.0,1.0,1,False,False,15.0,2023,Saudi Arabia
BOT,7.0,97.674,36.095,30.642,30.937,MEDIUM,7.0,1.0,1,False,False,15.0,2023,Saudi Arabia
BOT,8.0,98.831,37.436,30.705,30.69,MEDIUM,8.0,1.0,1,False,False,16.0,2023,Saudi Arabia
BOT,9.0,99.617,36.077,30.398,33.142,MEDIUM,9.0,1.0,1,False,True,17.0,2023,Saudi Arabia
BOT,10.0,114.489,53.557,30.453,30.479,HARD,1.0,2.0,1,True,False,19.0,2023,Saudi Arabia
BOT,11.0,96.218,35.311,30.359,30.548000000000002,HARD,2.0,2.0,1,False,False,19.0,2023,Saudi Arabia
BOT,12.0,95.927,35.129,30.366,30.432,HARD,3.0,2.0,1,False,False,19.0,2023,Saudi Arabia
BOT,13.0,96.495,35.439,30.491,30.565,HARD,4.0,2.0,1,False,False,19.0,2023,Saudi Arabia
BOT,14.0,96.207,35.318,30.431,30.458,HARD,5.0,2.0,1,False,False,19.0,2023,Saudi Arabia
BOT,15.0,96.259,35.342,30.451,30.466,HARD,6.0,2.0,1,False,False,19.0,2023,Saudi Arabia
BOT,16.0,96.153,35.427,30.315,30.411,HARD,7.0,2.0,1,False,False,19.0,2023,Saudi Arabia
BOT,17.0,118.961,35.24,37.5,46.221,HARD,8.0,2.0,124,False,True,19.0,2023,Saudi Arabia
BOT,18.0,,63.337,44.781,43.032,MEDIUM,1.0,3.0,4,True,False,19.0,2023,Saudi Arabia
BOT,19.0,115.77,41.452,36.714,37.604,MEDIUM,2.0,3.0,4,False,False,19.0,2023,Saudi Arabia
BOT,20.0,128.105,40.69,48.009,39.406,MEDIUM,3.0,3.0,41,False,False,18.0,2023,Saudi Arabia
BOT,21.0,99.065,37.672,30.751,30.642,MEDIUM,4.0,3.0,1,False,False,18.0,2023,Saudi Arabia
BOT,22.0,98.366,36.934,30.723,30.709,MEDIUM,5.0,3.0,1,False,False,19.0,2023,Saudi Arabia
BOT,23.0,98.218,36.947,30.803,30.468,MEDIUM,6.0,3.0,1,False,False,19.0,2023,Saudi Arabia
BOT,24.0,96.239,35.583,30.371,30.285,MEDIUM,7.0,3.0,1,False,False,19.0,2023,Saudi Arabia
BOT,25.0,96.412,35.765,30.36,30.287,MEDIUM,8.0,3.0,1,False,False,19.0,2023,Saudi Arabia
BOT,26.0,96.343,35.62,30.447,30.276,MEDIUM,9.0,3.0,1,False,False,19.0,2023,Saudi Arabia
BOT,27.0,96.993,35.914,30.522,30.557,MEDIUM,10.0,3.0,1,False,False,18.0,2023,Saudi Arabia
BOT,28.0,96.128,35.502,30.351,30.275,MEDIUM,11.0,3.0,1,False,False,18.0,2023,Saudi Arabia
BOT,29.0,96.166,35.363,30.388,30.415,MEDIUM,12.0,3.0,1,False,False,18.0,2023,Saudi Arabia
BOT,30.0,95.846,35.357,30.207,30.282,MEDIUM,13.0,3.0,1,False,False,18.0,2023,Saudi Arabia
BOT,31.0,96.248,35.449,30.406,30.393,MEDIUM,14.0,3.0,1,False,False,18.0,2023,Saudi Arabia
BOT,32.0,96.142,35.299,30.397,30.446,MEDIUM,15.0,3.0,1,False,False,18.0,2023,Saudi Arabia
BOT,33.0,95.997,35.29,30.37,30.337,MEDIUM,16.0,3.0,1,False,False,18.0,2023,Saudi Arabia
BOT,34.0,96.148,35.404,30.385,30.359,MEDIUM,17.0,3.0,1,False,False,18.0,2023,Saudi Arabia
BOT,35.0,98.834,35.319,30.431,33.084,MEDIUM,18.0,3.0,1,False,True,18.0,2023,Saudi Arabia
BOT,36.0,114.109,53.574,30.333,30.202,SOFT,1.0,4.0,1,True,False,18.0,2023,Saudi Arabia
BOT,37.0,94.384,34.584,29.88,29.92,SOFT,2.0,4.0,1,False,False,18.0,2023,Saudi Arabia
BOT,38.0,94.976,34.741,30.081,30.154,SOFT,3.0,4.0,1,False,False,18.0,2023,Saudi Arabia
BOT,39.0,95.348,34.907,30.077,30.364,SOFT,4.0,4.0,1,False,False,18.0,2023,Saudi Arabia
BOT,40.0,96.474,36.139,30.143,30.192,SOFT,5.0,4.0,1,False,False,18.0,2023,Saudi Arabia
BOT,41.0,96.7,36.656,29.954,30.09,SOFT,6.0,4.0,1,False,False,18.0,2023,Saudi Arabia
BOT,42.0,95.325,35.091,30.048,30.186,SOFT,7.0,4.0,1,False,False,18.0,2023,Saudi Arabia
BOT,43.0,95.288,35.137,30.003,30.148,SOFT,8.0,4.0,1,False,False,18.0,2023,Saudi Arabia
BOT,44.0,95.004,34.932,29.918,30.154,SOFT,9.0,4.0,1,False,False,18.0,2023,Saudi Arabia
BOT,45.0,95.227,34.931,30.305,29.991,SOFT,10.0,4.0,1,False,False,18.0,2023,Saudi Arabia
BOT,46.0,95.283,35.124,30.066,30.093,SOFT,11.0,4.0,1,False,False,18.0,2023,Saudi Arabia
BOT,47.0,96.694,34.841,31.63,30.223,SOFT,12.0,4.0,1,False,False,18.0,2023,Saudi Arabia
BOT,48.0,96.607,35.366,29.877,31.364,SOFT,13.0,4.0,1,False,False,18.0,2023,Saudi Arabia
BOT,49.0,95.501,35.029,30.147,30.325,SOFT,14.0,4.0,1,False,False,18.0,2023,Saudi Arabia
PIA,1.0,107.254,,31.81,34.34,MEDIUM,1.0,1.0,1,False,True,19.0,2023,Saudi Arabia
PIA,2.0,124.805,64.015,30.316,30.474,HARD,1.0,2.0,1,True,False,20.0,2023,Saudi Arabia
PIA,3.0,95.634,35.048,30.082,30.504,HARD,2.0,2.0,1,False,False,19.0,2023,Saudi Arabia
PIA,4.0,95.512,35.088,30.084,30.34,HARD,3.0,2.0,1,False,False,19.0,2023,Saudi Arabia
PIA,5.0,95.662,35.127,30.127,30.408,HARD,4.0,2.0,1,False,False,19.0,2023,Saudi Arabia
PIA,6.0,95.359,35.077,30.012,30.27,HARD,5.0,2.0,1,False,False,19.0,2023,Saudi Arabia
PIA,7.0,95.636,35.123,30.112,30.401,HARD,6.0,2.0,1,False,False,19.0,2023,Saudi Arabia
PIA,8.0,95.626,35.205,30.044,30.377,HARD,7.0,2.0,1,False,False,19.0,2023,Saudi Arabia
PIA,9.0,95.9,35.365,30.098,30.437,HARD,8.0,2.0,1,False,False,19.0,2023,Saudi Arabia
PIA,10.0,95.782,35.32,30.165,30.297,HARD,9.0,2.0,1,False,False,18.0,2023,Saudi Arabia
PIA,11.0,95.899,35.286,30.264,30.349,HARD,10.0,2.0,1,False,False,18.0,2023,Saudi Arabia
PIA,12.0,96.364,35.515,30.381,30.468,HARD,11.0,2.0,1,False,False,18.0,2023,Saudi Arabia
PIA,13.0,96.654,35.819,30.339,30.496,HARD,12.0,2.0,1,False,False,18.0,2023,Saudi Arabia
PIA,14.0,96.275,35.622,30.213,30.44,HARD,13.0,2.0,1,False,False,18.0,2023,Saudi Arabia
PIA,15.0,96.082,35.477,30.226,30.379,HARD,14.0,2.0,1,False,False,18.0,2023,Saudi Arabia
PIA,16.0,96.304,35.595,30.252,30.457,HARD,15.0,2.0,1,False,False,18.0,2023,Saudi Arabia
PIA,17.0,111.27,35.446,30.996,44.828,HARD,16.0,2.0,124,False,False,17.0,2023,Saudi Arabia
PIA,18.0,136.427,49.867,42.495,44.065,HARD,17.0,2.0,4,False,False,17.0,2023,Saudi Arabia
PIA,19.0,127.588,43.384,32.011,52.193,HARD,18.0,2.0,4,False,False,16.0,2023,Saudi Arabia
PIA,20.0,143.704,53.965,49.015,40.724,HARD,19.0,2.0,41,False,False,16.0,2023,Saudi Arabia
PIA,21.0,99.663,38.186,30.77,30.707,HARD,20.0,2.0,1,False,False,17.0,2023,Saudi Arabia
PIA,22.0,97.626,36.622,30.603,30.401,HARD,21.0,2.0,1,False,False,17.0,2023,Saudi Arabia
PIA,23.0,96.562,36.136,30.38,30.046,HARD,22.0,2.0,1,False,False,17.0,2023,Saudi Arabia
PIA,24.0,96.405,35.778,30.316,30.311,HARD,23.0,2.0,1,False,False,17.0,2023,Saudi Arabia
PIA,25.0,96.735,36.32,30.286,30.129,HARD,24.0,2.0,1,False,False,18.0,2023,Saudi Arabia
PIA,26.0,95.752,35.472,30.039,30.241,HARD,25.0,2.0,1,False,False,18.0,2023,Saudi Arabia
PIA,27.0,95.973,35.543,30.151,30.279,HARD,26.0,2.0,1,False,False,17.0,2023,Saudi Arabia
PIA,28.0,95.543,35.424,29.973,30.146,HARD,27.0,2.0,1,False,False,17.0,2023,Saudi Arabia
PIA,29.0,95.949,35.499,30.21,30.24,HARD,28.0,2.0,1,False,False,17.0,2023,Saudi Arabia
PIA,30.0,95.673,35.46,30.04,30.173,HARD,29.0,2.0,1,False,False,17.0,2023,Saudi Arabia
PIA,31.0,95.446,35.276,30.053,30.117,HARD,30.0,2.0,1,False,False,17.0,2023,Saudi Arabia
PIA,32.0,95.224,35.216,29.95,30.058,HARD,31.0,2.0,1,False,False,17.0,2023,Saudi Arabia
PIA,33.0,95.644,35.324,30.266,30.054,HARD,32.0,2.0,1,False,False,17.0,2023,Saudi Arabia
PIA,34.0,95.47,35.19,30.047,30.233,HARD,33.0,2.0,1,False,False,17.0,2023,Saudi Arabia
PIA,35.0,95.277,35.171,30.058,30.048,HARD,34.0,2.0,1,False,False,17.0,2023,Saudi Arabia
PIA,36.0,95.005,35.071,29.911,30.023,HARD,35.0,2.0,1,False,False,17.0,2023,Saudi Arabia
PIA,37.0,94.859,34.976,29.888,29.995,HARD,36.0,2.0,1,False,False,17.0,2023,Saudi Arabia
PIA,38.0,94.827,34.928,29.896,30.003,HARD,37.0,2.0,1,False,False,17.0,2023,Saudi Arabia
PIA,39.0,94.949,35.029,29.864,30.056,HARD,38.0,2.0,1,False,False,17.0,2023,Saudi Arabia
PIA,40.0,94.429,35.162,29.669,29.598,HARD,39.0,2.0,1,False,False,17.0,2023,Saudi Arabia
PIA,41.0,95.301,35.756,29.899,29.646,HARD,40.0,2.0,1,False,False,17.0,2023,Saudi Arabia
PIA,42.0,95.951,36.126,30.055,29.77,HARD,41.0,2.0,1,False,False,17.0,2023,Saudi Arabia
PIA,43.0,95.257,35.405,29.686,30.166,HARD,42.0,2.0,1,False,False,17.0,2023,Saudi Arabia
PIA,44.0,94.861,35.451,29.79,29.62,HARD,43.0,2.0,1,False,False,16.0,2023,Saudi Arabia
PIA,45.0,95.625,36.174,29.788,29.663,HARD,44.0,2.0,1,False,False,17.0,2023,Saudi Arabia
PIA,46.0,94.467,35.037,29.757,29.673000000000002,HARD,45.0,2.0,1,False,False,17.0,2023,Saudi Arabia
PIA,47.0,94.509,35.003,29.835,29.671,HARD,46.0,2.0,1,False,False,17.0,2023,Saudi Arabia
PIA,48.0,94.287,34.907,29.686,29.694,HARD,47.0,2.0,1,False,False,16.0,2023,Saudi Arabia
PIA,49.0,94.291,34.952,29.607,29.732,HARD,48.0,2.0,1,False,False,16.0,2023,Saudi Arabia
PIA,50.0,94.618,34.664,29.716,30.238,HARD,49.0,2.0,1,False,False,15.0,2023,Saudi Arabia
VER,1.0,101.571,,18.707,46.357,MEDIUM,1.0,1.0,124,False,False,3.0,2023,Australia
VER,2.0,132.105,48.846,31.614,51.645,MEDIUM,2.0,1.0,4,False,False,3.0,2023,Australia
VER,3.0,130.657,46.836,29.178,54.643,MEDIUM,3.0,1.0,41,False,False,3.0,2023,Australia
VER,4.0,83.391,28.9,18.326,36.165,MEDIUM,4.0,1.0,1,False,False,3.0,2023,Australia
VER,5.0,83.104,28.935,18.347,35.822,MEDIUM,5.0,1.0,1,False,False,3.0,2023,Australia
VER,6.0,82.843,28.986,17.951,35.906,MEDIUM,6.0,1.0,1,False,False,3.0,2023,Australia
VER,7.0,95.07,28.798000000000002,18.011,48.261,MEDIUM,7.0,1.0,124,False,False,2.0,2023,Australia
VER,8.0,,48.876,45.642,,MEDIUM,8.0,1.0,451,False,True,2.0,2023,Australia
VER,9.0,,54.215,52.945,,HARD,1.0,2.0,1,True,False,2.0,2023,Australia
VER,10.0,87.827,33.323,18.633,35.871,HARD,2.0,2.0,1,False,False,2.0,2023,Australia
VER,11.0,83.46,29.054,18.556,35.85,HARD,3.0,2.0,1,False,False,2.0,2023,Australia
VER,12.0,81.994,28.826999999999998,18.134,35.033,HARD,4.0,2.0,1,False,False,1.0,2023,Australia
VER,13.0,83.286,28.876,18.642,35.768,HARD,5.0,2.0,1,False,False,1.0,2023,Australia
VER,14.0,82.869,28.769,18.604,35.496,HARD,6.0,2.0,1,False,False,1.0,2023,Australia
VER,15.0,82.817,28.785,18.527,35.505,HARD,7.0,2.0,1,False,False,1.0,2023,Australia
VER,16.0,82.599,28.696,18.502,35.401,HARD,8.0,2.0,1,False,False,1.0,2023,Australia
VER,17.0,82.595,28.6,18.529,35.466,HARD,9.0,2.0,1,False,False,1.0,2023,Australia
VER,18.0,100.315,28.525,24.481,47.309,HARD,10.0,2.0,16,False,False,1.0,2023,Australia
VER,19.0,103.75,39.394,26.616,37.74,HARD,11.0,2.0,671,False,False,1.0,2023,Australia
VER,20.0,82.389,28.643,18.603,35.143,HARD,12.0,2.0,1,False,False,1.0,2023,Australia
VER,21.0,82.11,28.596,18.437,35.077,HARD,13.0,2.0,1,False,False,1.0,2023,Australia
VER,22.0,82.269,28.588,18.517,35.164,HARD,14.0,2.0,1,False,False,1.0,2023,Australia
VER,23.0,82.193,28.561,18.479,35.153,HARD,15.0,2.0,1,False,False,1.0,2023,Australia
VER,24.0,81.843,28.374,18.413,35.056,HARD,16.0,2.0,1,False,False,1.0,2023,Australia
VER,25.0,82.104,28.561,18.458,35.085,HARD,17.0,2.0,1,False,False,1.0,2023,Australia
VER,26.0,81.972,28.495,18.436,35.041,HARD,18.0,2.0,1,False,False,1.0,2023,Australia
VER,27.0,81.924,28.394,18.431,35.099,HARD,19.0,2.0,1,False,False,1.0,2023,Australia
VER,28.0,81.926,28.436,18.404,35.086,HARD,20.0,2.0,1,False,False,1.0,2023,Australia
VER,29.0,81.772,28.409,18.376,34.987,HARD,21.0,2.0,1,False,False,1.0,2023,Australia
VER,30.0,82.002,28.353,18.414,35.235,HARD,22.0,2.0,1,False,False,1.0,2023,Australia
VER,31.0,82.024,28.451,18.29,35.283,HARD,23.0,2.0,1,False,False,1.0,2023,Australia
VER,32.0,82.012,28.335,18.404,35.273,HARD,24.0,2.0,1,False,False,1.0,2023,Australia
VER,33.0,81.819,28.27,18.343,35.206,HARD,25.0,2.0,1,False,False,1.0,2023,Australia
VER,34.0,81.894,28.381,18.355,35.158,HARD,26.0,2.0,1,False,False,1.0,2023,Australia
VER,35.0,81.681,28.333,18.331,35.017,HARD,27.0,2.0,1,False,False,1.0,2023,Australia
VER,36.0,81.732,28.37,18.313,35.049,HARD,28.0,2.0,1,False,False,1.0,2023,Australia
VER,37.0,81.403,28.327,18.257,34.819,HARD,29.0,2.0,1,False,False,1.0,2023,Australia
VER,38.0,81.319,28.293,18.217,34.809,HARD,30.0,2.0,1,False,False,1.0,2023,Australia
VER,39.0,81.578,28.528,18.282,34.768,HARD,31.0,2.0,1,False,False,1.0,2023,Australia
VER,40.0,81.078,28.204,18.226,34.648,HARD,32.0,2.0,1,False,False,1.0,2023,Australia
VER,41.0,80.986,28.187,18.181,34.618,HARD,33.0,2.0,1,False,False,1.0,2023,Australia
VER,42.0,81.148,28.228,18.251,34.669,HARD,34.0,2.0,1,False,False,1.0,2023,Australia
VER,43.0,81.166,28.222,18.17,34.774,HARD,35.0,2.0,1,False,False,1.0,2023,Australia
VER,44.0,81.089,28.159,18.228,34.702,HARD,36.0,2.0,1,False,False,1.0,2023,Australia
VER,45.0,80.807,28.13,18.192,34.485,HARD,37.0,2.0,1,False,False,1.0,2023,Australia
VER,46.0,80.703,28.029,18.123,34.551,HARD,38.0,2.0,1,False,False,1.0,2023,Australia
VER,47.0,84.107,28.065,18.117,37.925,HARD,39.0,2.0,1,False,False,1.0,2023,Australia
VER,48.0,81.073,28.373,18.133,34.567,HARD,40.0,2.0,1,False,False,1.0,2023,Australia
VER,49.0,80.342,27.834,18.133,34.375,HARD,41.0,2.0,1,False,False,1.0,2023,Australia
VER,50.0,80.471,28.018,18.151,34.302,HARD,42.0,2.0,1,False,False,1.0,2023,Australia
VER,51.0,80.632,28.001,18.094,34.537,HARD,43.0,2.0,1,False,False,1.0,2023,Australia
VER,52.0,80.738,28.025,18.09,34.623,HARD,44.0,2.0,1,False,False,1.0,2023,Australia
VER,53.0,80.671,28.126,18.043,34.502,HARD,45.0,2.0,12,False,False,1.0,2023,Australia
VER,54.0,91.178,28.525,18.149,44.504,HARD,46.0,2.0,214,False,False,1.0,2023,Australia
VER,55.0,,42.201,41.976,84.323,HARD,47.0,2.0,45,False,True,1.0,2023,Australia
VER,56.0,,,45.715,81.729,SOFT,4.0,3.0,1,True,False,1.0,2023,Australia
VER,57.0,,76.86,36.187,66.578,SOFT,5.0,3.0,125,False,True,1.0,2023,Australia
VER,58.0,,,50.715,59.872,SOFT,6.0,4.0,1,True,False,1.0,2023,Australia
GAS,1.0,110.293,,18.89,53.173,SOFT,1.0,1.0,124,False,False,8.0,2023,Australia
GAS,2.0,131.323,46.907,31.398,53.018,SOFT,2.0,1.0,4,False,False,8.0,2023,Australia
GAS,3.0,125.832,45.929,28.716,51.187,SOFT,3.0,1.0,41,False,False,8.0,2023,Australia
GAS,4.0,84.671,29.683,18.714,36.274,SOFT,4.0,1.0,1,False,False,8.0,2023,Australia
GAS,5.0,84.29,29.229,18.65,36.411,SOFT,5.0,1.0,1,False,False,8.0,2023,Australia
GAS,6.0,83.529,28.98,18.643,35.906,SOFT,6.0,1.0,1,False,False,8.0,2023,Australia
GAS,7.0,96.571,28.914,18.841,48.816,SOFT,7.0,1.0,124,False,False,5.0,2023,Australia
GAS,8.0,,45.629,45.178,,SOFT,8.0,1.0,451,False,True,5.0,2023,Australia
GAS,9.0,,47.442,54.044,,HARD,1.0,2.0,1,True,False,5.0,2023,Australia
GAS,10.0,89.037,33.555,18.948,36.534,HARD,2.0,2.0,1,False,False,4.0,2023,Australia
GAS,11.0,84.459,29.589,18.627,36.243,HARD,3.0,2.0,1,False,False,4.0,2023,Australia
GAS,12.0,83.647,29.151,18.522,35.974,HARD,4.0,2.0,1,False,False,4.0,2023,Australia
GAS,13.0,84.568,29.019,18.532,37.017,HARD,5.0,2.0,1,False,False,5.0,2023,Australia
GAS,14.0,83.268,29.034,18.267,35.967,HARD,6.0,2.0,1,False,False,5.0,2023,Australia
GAS,15.0,83.078,28.876,18.282,35.92,HARD,7.0,2.0,1,False,False,5.0,2023,Australia
GAS,16.0,82.777,28.778,18.189,35.81,HARD,8.0,2.0,1,False,False,5.0,2023,Australia
GAS,17.0,83.243,28.742,18.208,36.293,HARD,9.0,2.0,1,False,False,4.0,2023,Australia
GAS,18.0,103.086,28.715,26.367,48.004,HARD,10.0,2.0,16,False,False,4.0,2023,Australia
GAS,19.0,100.408,40.114,23.985,36.309,HARD,11.0,2.0,671,False,False,4.0,2023,Australia
GAS,20.0,82.599,28.745,18.519,35.335,HARD,12.0,2.0,1,False,False,4.0,2023,Australia
GAS,21.0,82.45,28.655,18.36,35.435,HARD,13.0,2.0,1,False,False,4.0,2023,Australia
GAS,22.0,82.85,28.959,18.406,35.485,HARD,14.0,2.0,1,False,False,4.0,2023,Australia
GAS,23.0,82.531,28.693,18.434,35.404,HARD,15.0,2.0,1,False,False,4.0,2023,Australia
GAS,24.0,82.498,28.748,18.352,35.398,HARD,16.0,2.0,1,False,False,4.0,2023,Australia
GAS,25.0,84.245,30.127,18.152,35.966,HARD,17.0,2.0,1,False,False,5.0,2023,Australia
GAS,26.0,82.313,28.646,18.088,35.579,HARD,18.0,2.0,1,False,False,5.0,2023,Australia
GAS,27.0,82.115,28.673000000000002,17.971,35.471,HARD,19.0,2.0,1,False,False,5.0,2023,Australia
GAS,28.0,82.026,28.622,18.065,35.339,HARD,20.0,2.0,1,False,False,5.0,2023,Australia
GAS,29.0,82.237,28.527,17.977,35.733,HARD,21.0,2.0,1,False,False,5.0,2023,Australia
GAS,30.0,82.188,28.573,18.135,35.48,HARD,22.0,2.0,1,False,False,5.0,2023,Australia
GAS,31.0,81.964,28.537,18.086,35.341,HARD,23.0,2.0,1,False,False,5.0,2023,Australia
GAS,32.0,81.947,28.507,18.107,35.333,HARD,24.0,2.0,1,False,False,5.0,2023,Australia
GAS,33.0,81.806,28.573,18.041,35.192,HARD,25.0,2.0,1,False,False,5.0,2023,Australia
GAS,34.0,81.776,28.462,18.13,35.184,HARD,26.0,2.0,1,False,False,5.0,2023,Australia
GAS,35.0,81.842,28.511,18.06,35.271,HARD,27.0,2.0,1,False,False,5.0,2023,Australia
GAS,36.0,81.684,28.425,18.054,35.205,HARD,28.0,2.0,1,False,False,5.0,2023,Australia
GAS,37.0,81.748,28.461,18.026,35.261,HARD,29.0,2.0,1,False,False,5.0,2023,Australia
GAS,38.0,81.425,28.333,17.966,35.126,HARD,30.0,2.0,1,False,False,5.0,2023,Australia
GAS,39.0,81.823,28.596,18.088,35.139,HARD,31.0,2.0,1,False,False,5.0,2023,Australia
GAS,40.0,81.801,28.419,18.101,35.281,HARD,32.0,2.0,1,False,False,5.0,2023,Australia
GAS,41.0,81.586,28.443,18.02,35.123,HARD,33.0,2.0,1,False,False,5.0,2023,Australia
GAS,42.0,81.422,28.29,18.063,35.069,HARD,34.0,2.0,1,False,False,5.0,2023,Australia
GAS,43.0,81.103,28.158,17.918,35.027,HARD,35.0,2.0,1,False,False,5.0,2023,Australia
GAS,44.0,81.177,28.213,17.882,35.082,HARD,36.0,2.0,1,False,False,5.0,2023,Australia
GAS,45.0,81.455,28.372,17.854,35.229,HARD,37.0,2.0,1,False,False,5.0,2023,Australia
GAS,46.0,81.24,28.287,17.872,35.081,HARD,38.0,2.0,1,False,False,5.0,2023,Australia
GAS,47.0,80.995,28.18,17.821,34.994,HARD,39.0,2.0,1,False,False,5.0,2023,Australia
GAS,48.0,81.242,28.353,17.933,34.956,HARD,40.0,2.0,1,False,False,5.0,2023,Australia
GAS,49.0,81.152,28.281,17.889,34.982,HARD,41.0,2.0,1,False,False,5.0,2023,Australia
GAS,50.0,81.604,28.282,18.126,35.196,HARD,42.0,2.0,1,False,False,5.0,2023,Australia
GAS,51.0,81.616,28.453,18.185,34.978,HARD,43.0,2.0,1,False,False,5.0,2023,Australia
GAS,52.0,81.62,28.45,18.242,34.928,HARD,44.0,2.0,1,False,False,5.0,2023,Australia
GAS,53.0,81.098,28.171,18.222,34.705,HARD,45.0,2.0,12,False,False,5.0,2023,Australia
GAS,54.0,98.993,28.218,18.861,51.914,HARD,46.0,2.0,14,False,False,5.0,2023,Australia
GAS,55.0,,40.165,25.86,,HARD,47.0,2.0,451,False,True,5.0,2023,Australia
GAS,56.0,,62.318,48.434,,SOFT,2.0,3.0,1,True,False,5.0,2023,Australia
GAS,57.0,,,,,SOFT,3.0,3.0,12,False,False,,2023,Australia
PER,1.0,132.096,,18.735,69.69,HARD,1.0,1.0,124,True,True,18.0,2023,Australia
PER,2.0,131.789,41.48,27.181,63.128,MEDIUM,1.0,2.0,4,True,True,18.0,2023,Australia
PER,3.0,110.649,36.623,27.351,46.675,HARD,1.0,3.0,41,True,False,18.0,2023,Australia
PER,4.0,85.108,30.17,18.498,36.44,HARD,2.0,3.0,1,False,False,17.0,2023,Australia
PER,5.0,84.501,29.362,18.331,36.808,HARD,3.0,3.0,1,False,False,17.0,2023,Australia
PER,6.0,83.584,29.47,18.053,36.061,HARD,4.0,3.0,1,False,False,16.0,2023,Australia
PER,7.0,101.11,29.184,26.304,45.622,HARD,5.0,3.0,124,False,False,14.0,2023,Australia
PER,8.0,,45.041,44.211,,HARD,6.0,3.0,451,False,True,14.0,2023,Australia
PER,9.0,,41.005,45.549,95.357,HARD,2.0,4.0,1,True,False,14.0,2023,Australia
PER,10.0,93.436,36.336,19.121,37.979,HARD,3.0,4.0,1,False,False,16.0,2023,Australia
PER,11.0,86.003,30.555,18.477,36.971,HARD,4.0,4.0,1,False,False,16.0,2023,Australia
PER,12.0,83.982,29.692,17.865,36.425,HARD,5.0,4.0,1,False,False,16.0,2023,Australia
PER,13.0,83.052,29.128,17.928,35.996,HARD,6.0,4.0,1,False,False,15.0,2023,Australia
PER,14.0,83.33,28.995,17.893,36.442,HARD,7.0,4.0,1,False,False,15.0,2023,Australia
PER,15.0,84.167,29.358,17.96,36.849,HARD,8.0,4.0,1,False,False,14.0,2023,Australia
PER,16.0,84.299,29.672,18.073,36.554,HARD,9.0,4.0,1,False,False,13.0,2023,Australia
PER,17.0,82.345,28.69,17.943,35.712,HARD,10.0,4.0,1,False,False,12.0,2023,Australia
PER,18.0,108.483,34.332,24.994,49.157,HARD,11.0,4.0,16,False,False,12.0,2023,Australia
PER,19.0,96.565,39.077,20.856,36.632,HARD,12.0,4.0,671,False,False,12.0,2023,Australia
PER,20.0,82.757,29.135,17.711,35.911,HARD,13.0,4.0,1,False,False,12.0,2023,Australia
PER,21.0,83.537,28.993,17.695,36.849,HARD,14.0,4.0,1,False,False,11.0,2023,Australia
PER,22.0,82.737,29.184,17.928,35.625,HARD,15.0,4.0,1,False,False,10.0,2023,Australia
PER,23.0,82.186,29.116,17.914,35.156,HARD,16.0,4.0,1,False,False,9.0,2023,Australia
PER,24.0,82.678,29.025,18.301,35.352,HARD,17.0,4.0,1,False,False,9.0,2023,Australia
PER,25.0,82.064,28.769,18.256,35.039,HARD,18.0,4.0,1,False,False,9.0,2023,Australia
PER,26.0,82.224,28.68,18.239,35.305,HARD,19.0,4.0,1,False,False,9.0,2023,Australia
PER,27.0,82.07,28.578,18.246,35.246,HARD,20.0,4.0,1,False,False,9.0,2023,Australia
PER,28.0,82.244,28.814,18.236,35.194,HARD,21.0,4.0,1,False,False,9.0,2023,Australia
PER,29.0,81.908,28.624,18.232,35.052,HARD,22.0,4.0,1,False,False,9.0,2023,Australia
PER,30.0,81.918,28.795,18.134,34.989,HARD,23.0,4.0,1,False,False,9.0,2023,Australia
PER,31.0,81.812,28.617,18.194,35.001,HARD,24.0,4.0,1,False,False,9.0,2023,Australia
PER,32.0,81.456,28.391,18.1,34.965,HARD,25.0,4.0,1,False,False,9.0,2023,Australia
PER,33.0,81.807,28.656,18.155,34.996,HARD,26.0,4.0,1,False,False,9.0,2023,Australia
PER,34.0,81.907,28.722,18.116,35.069,HARD,27.0,4.0,1,False,False,9.0,2023,Australia
PER,35.0,82.236,28.763,18.186,35.287,HARD,28.0,4.0,1,False,False,9.0,2023,Australia
PER,36.0,82.059,28.607,18.142,35.31,HARD,29.0,4.0,1,False,False,9.0,2023,Australia
PER,37.0,81.814,28.668,18.089,35.057,HARD,30.0,4.0,1,False,False,9.0,2023,Australia
PER,38.0,81.701,28.447,18.088,35.166,HARD,31.0,4.0,1,False,False,9.0,2023,Australia
PER,39.0,81.718,28.671,18.038,35.009,HARD,32.0,4.0,1,False,False,9.0,2023,Australia
PER,40.0,81.602,28.685,18.053,34.864,HARD,33.0,4.0,1,False,False,9.0,2023,Australia
PER,41.0,81.744,28.498,17.922,35.324,HARD,34.0,4.0,1,False,False,9.0,2023,Australia
PER,42.0,80.979,28.075,17.699,35.205,HARD,35.0,4.0,1,False,False,9.0,2023,Australia
PER,43.0,80.697,28.3,17.606,34.791,HARD,36.0,4.0,1,False,False,8.0,2023,Australia
PER,44.0,81.232,28.458,17.589,35.185,HARD,37.0,4.0,1,False,False,7.0,2023,Australia
PER,45.0,81.147,28.371,17.995,34.781,HARD,38.0,4.0,1,False,False,7.0,2023,Australia
PER,46.0,81.004,28.477,17.954,34.573,HARD,39.0,4.0,1,False,False,7.0,2023,Australia
PER,47.0,80.643,28.281,17.881,34.481,HARD,40.0,4.0,1,False,False,7.0,2023,Australia
PER,48.0,80.732,28.223,18.064,34.445,HARD,41.0,4.0,1,False,False,7.0,2023,Australia
PER,49.0,80.747,28.285,17.969,34.493,HARD,42.0,4.0,1,False,False,7.0,2023,Australia
PER,50.0,81.019,28.365,17.923000000000002,34.731,HARD,43.0,4.0,1,False,False,7.0,2023,Australia
PER,51.0,81.31,28.677,17.82,34.813,HARD,44.0,4.0,1,False,False,7.0,2023,Australia
PER,52.0,80.855,28.441,18.013,34.401,HARD,45.0,4.0,1,False,False,7.0,2023,Australia
PER,53.0,80.235,28.044,17.802,34.389,HARD,46.0,4.0,12,False,False,7.0,2023,Australia
PER,54.0,100.5,28.425,24.553,47.522,HARD,47.0,4.0,14,False,False,7.0,2023,Australia
PER,55.0,,40.694,25.315,,HARD,48.0,4.0,451,False,True,7.0,2023,Australia
PER,56.0,,58.38,49.353,,SOFT,1.0,5.0,1,True,False,7.0,2023,Australia
PER,57.0,,53.041,31.647,,SOFT,2.0,5.0,125,False,True,6.0,2023,Australia
PER,58.0,,55.297,49.282,58.746,SOFT,1.0,6.0,1,True,False,6.0,2023,Australia
ALO,1.0,105.543,,18.868,49.346,MEDIUM,2.0,1.0,124,False,False,5.0,2023,Australia
ALO,2.0,130.728,47.342,31.93,51.456,MEDIUM,3.0,1.0,4,False,False,5.0,2023,Australia
ALO,3.0,129.502,46.721,28.947,53.834,MEDIUM,4.0,1.0,41,False,False,5.0,2023,Australia
ALO,4.0,84.293,29.391,18.696,36.206,MEDIUM,5.0,1.0,1,False,False,5.0,2023,Australia
ALO,5.0,83.29,28.87,18.573,35.847,MEDIUM,6.0,1.0,1,False,False,5.0,2023,Australia
ALO,6.0,82.603,28.656,18.305,35.642,MEDIUM,7.0,1.0,1,False,False,5.0,2023,Australia
ALO,7.0,95.355,28.746,18.265,48.344,MEDIUM,8.0,1.0,124,False,False,3.0,2023,Australia
ALO,8.0,,47.712,44.908,,MEDIUM,9.0,1.0,451,False,True,3.0,2023,Australia
ALO,9.0,,50.693,53.642,,HARD,1.0,2.0,1,True,False,3.0,2023,Australia
ALO,10.0,88.668,33.489,18.929,36.25,HARD,2.0,2.0,1,False,False,3.0,2023,Australia
ALO,11.0,84.644,29.548000000000002,18.786,36.31,HARD,3.0,2.0,1,False,False,3.0,2023,Australia
ALO,12.0,83.321,29.034,18.555,35.732,HARD,4.0,2.0,1,False,False,3.0,2023,Australia
ALO,13.0,83.634,29.021,18.578,36.035,HARD,5.0,2.0,1,False,False,3.0,2023,Australia
ALO,14.0,83.424,29.029,18.581,35.814,HARD,6.0,2.0,1,False,False,3.0,2023,Australia
ALO,15.0,83.008,28.878,18.57,35.56,HARD,7.0,2.0,1,False,False,3.0,2023,Australia
ALO,16.0,82.26,28.583,18.51,35.167,HARD,8.0,2.0,1,False,False,3.0,2023,Australia
ALO,17.0,82.261,28.576,18.306,35.379,HARD,9.0,2.0,1,False,False,3.0,2023,Australia
ALO,18.0,101.221,28.488,26.882,45.851,HARD,10.0,2.0,16,False,False,3.0,2023,Australia
ALO,19.0,102.386,40.648,25.201,36.537,HARD,11.0,2.0,671,False,False,3.0,2023,Australia
ALO,20.0,82.913,28.684,18.456,35.773,HARD,12.0,2.0,1,False,False,3.0,2023,Australia
ALO,21.0,82.921,28.802,18.521,35.598,HARD,13.0,2.0,1,False,False,3.0,2023,Australia
ALO,22.0,83.054,28.857,18.5,35.697,HARD,14.0,2.0,1,False,False,3.0,2023,Australia
ALO,23.0,83.087,28.794,18.582,35.711,HARD,15.0,2.0,1,False,False,3.0,2023,Australia
ALO,24.0,82.885,28.801,18.49,35.594,HARD,16.0,2.0,1,False,False,3.0,2023,Australia
ALO,25.0,82.934,28.899,18.52,35.515,HARD,17.0,2.0,1,False,False,3.0,2023,Australia
ALO,26.0,82.325,28.606,18.447,35.272,HARD,18.0,2.0,1,False,False,3.0,2023,Australia
ALO,27.0,82.354,28.614,18.424,35.316,HARD,19.0,2.0,1,False,False,3.0,2023,Australia
ALO,28.0,81.901,28.523,18.351,35.027,HARD,20.0,2.0,1,False,False,3.0,2023,Australia
ALO,29.0,82.029,28.429,18.368,35.232,HARD,21.0,2.0,1,False,False,3.0,2023,Australia
ALO,30.0,81.932,28.493,18.332,35.107,HARD,22.0,2.0,1,False,False,3.0,2023,Australia
ALO,31.0,82.456,28.896,18.363,35.197,HARD,23.0,2.0,1,False,False,3.0,2023,Australia
ALO,32.0,82.098,28.407,18.393,35.298,HARD,24.0,2.0,1,False,False,3.0,2023,Australia
ALO,33.0,81.991,28.51,18.354,35.127,HARD,25.0,2.0,1,False,False,3.0,2023,Australia
ALO,34.0,82.021,28.522,18.44,35.059,HARD,26.0,2.0,1,False,False,3.0,2023,Australia
ALO,35.0,81.728,28.3,18.42,35.008,HARD,27.0,2.0,1,False,False,3.0,2023,Australia
ALO,36.0,81.687,28.358,18.381,34.948,HARD,28.0,2.0,1,False,False,3.0,2023,Australia
ALO,37.0,81.573,28.311,18.293,34.969,HARD,29.0,2.0,1,False,False,3.0,2023,Australia
ALO,38.0,81.716,28.221,18.366,35.129,HARD,30.0,2.0,1,False,False,3.0,2023,Australia
ALO,39.0,81.654,28.335,18.386,34.933,HARD,31.0,2.0,1,False,False,3.0,2023,Australia
ALO,40.0,81.694,28.308,18.399,34.987,HARD,32.0,2.0,1,False,False,3.0,2023,Australia
ALO,41.0,81.37,28.202,18.306,34.862,HARD,33.0,2.0,1,False,False,3.0,2023,Australia
ALO,42.0,81.284,28.176,18.299,34.809,HARD,34.0,2.0,1,False,False,3.0,2023,Australia
ALO,43.0,81.206,28.132,18.241,34.833,HARD,35.0,2.0,1,False,False,3.0,2023,Australia
ALO,44.0,80.959,28.122,18.104,34.733,HARD,36.0,2.0,1,False,False,3.0,2023,Australia
ALO,45.0,81.063,28.146,18.112,34.805,HARD,37.0,2.0,1,False,False,3.0,2023,Australia
ALO,46.0,80.69,28.004,18.041,34.645,HARD,38.0,2.0,1,False,False,3.0,2023,Australia
ALO,47.0,81.031,28.123,18.111,34.797,HARD,39.0,2.0,1,False,False,3.0,2023,Australia
ALO,48.0,81.118,28.305,18.155,34.658,HARD,40.0,2.0,1,False,False,3.0,2023,Australia
ALO,49.0,80.734,28.002,18.085,34.647,HARD,41.0,2.0,1,False,False,3.0,2023,Australia
ALO,50.0,80.723,28.072,18.081,34.57,HARD,42.0,2.0,1,False,False,3.0,2023,Australia
ALO,51.0,80.904,27.892,18.239,34.773,HARD,43.0,2.0,1,False,False,3.0,2023,Australia
ALO,52.0,80.516,27.939,18.03,34.547,HARD,44.0,2.0,1,False,False,3.0,2023,Australia
ALO,53.0,80.476,27.948,18.107,34.421,HARD,45.0,2.0,12,False,False,3.0,2023,Australia
ALO,54.0,95.066,28.259,18.082,48.725,HARD,46.0,2.0,14,False,False,3.0,2023,Australia
ALO,55.0,,41.774,32.313,,HARD,47.0,2.0,451,False,True,3.0,2023,Australia
ALO,56.0,,65.15,48.339,,SOFT,5.0,3.0,1,True,False,3.0,2023,Australia
ALO,57.0,,55.327,31.956,,SOFT,6.0,3.0,125,False,True,3.0,2023,Australia
ALO,58.0,,61.003,48.96,58.821,SOFT,5.0,4.0,1,True,False,3.0,2023,Australia
LEC,1.0,,,,,MEDIUM,1.0,1.0,124,False,False,,2023,Australia
STR,1.0,108.052,,19.292,50.986,MEDIUM,2.0,1.0,124,False,False,7.0,2023,Australia
STR,2.0,131.142,47.638,32.012,51.492,MEDIUM,3.0,1.0,4,False,False,7.0,2023,Australia
STR,3.0,127.757,47.476,28.293,51.988,MEDIUM,4.0,1.0,41,False,False,7.0,2023,Australia
STR,4.0,84.385,29.461,18.644,36.28,MEDIUM,5.0,1.0,1,False,False,7.0,2023,Australia
STR,5.0,83.937,29.358,18.652,35.927,MEDIUM,6.0,1.0,1,False,False,7.0,2023,Australia
STR,6.0,83.076,28.985,18.271,35.82,MEDIUM,7.0,1.0,1,False,False,7.0,2023,Australia
STR,7.0,98.03,28.91,19.043,50.077,MEDIUM,8.0,1.0,124,False,False,4.0,2023,Australia
STR,8.0,,44.739,44.58,,MEDIUM,9.0,1.0,451,False,True,4.0,2023,Australia
STR,9.0,,48.799,53.627,,HARD,1.0,2.0,1,True,False,4.0,2023,Australia
STR,10.0,90.499,34.86,18.991,36.648,HARD,2.0,2.0,1,False,False,6.0,2023,Australia
STR,11.0,84.738,29.383,18.714,36.641,HARD,3.0,2.0,1,False,False,6.0,2023,Australia
STR,12.0,83.277,29.049,18.338,35.89,HARD,4.0,2.0,1,False,False,6.0,2023,Australia
STR,13.0,83.802,28.914,18.191,36.697,HARD,5.0,2.0,1,False,False,6.0,2023,Australia
STR,14.0,83.271,29.193,18.241,35.837,HARD,6.0,2.0,1,False,False,6.0,2023,Australia
STR,15.0,83.647,29.683,18.161,35.803,HARD,7.0,2.0,1,False,False,7.0,2023,Australia
STR,16.0,83.077,29.081,18.118,35.878,HARD,8.0,2.0,1,False,False,7.0,2023,Australia
STR,17.0,83.317,28.895,18.232,36.19,HARD,9.0,2.0,1,False,False,6.0,2023,Australia
STR,18.0,105.34,28.755,27.216,49.369,HARD,10.0,2.0,16,False,False,6.0,2023,Australia
STR,19.0,98.708,38.899,23.97,35.839,HARD,11.0,2.0,671,False,False,6.0,2023,Australia
STR,20.0,82.155,28.747,18.087,35.321,HARD,12.0,2.0,1,False,False,6.0,2023,Australia
STR,21.0,82.187,28.73,18.128,35.329,HARD,13.0,2.0,1,False,False,6.0,2023,Australia
STR,22.0,82.731,28.824,18.195,35.712,HARD,14.0,2.0,1,False,False,6.0,2023,Australia
STR,23.0,82.699,28.841,18.154,35.704,HARD,15.0,2.0,1,False,False,6.0,2023,Australia
STR,24.0,82.543,28.805,18.157,35.581,HARD,16.0,2.0,1,False,False,6.0,2023,Australia
STR,25.0,83.371,29.143,18.222,36.006,HARD,17.0,2.0,1,False,False,6.0,2023,Australia
STR,26.0,82.502,28.844,18.177,35.481,HARD,18.0,2.0,1,False,False,6.0,2023,Australia
STR,27.0,82.104,28.687,18.162,35.255,HARD,19.0,2.0,1,False,False,6.0,2023,Australia
STR,28.0,82.187,28.703,18.173,35.311,HARD,20.0,2.0,1,False,False,6.0,2023,Australia
STR,29.0,82.005,28.47,18.099,35.436,HARD,21.0,2.0,1,False,False,6.0,2023,Australia
STR,30.0,82.187,28.68,18.098,35.409,HARD,22.0,2.0,1,False,False,6.0,2023,Australia
STR,31.0,82.069,28.602,18.041,35.426,HARD,23.0,2.0,1,False,False,6.0,2023,Australia
STR,32.0,82.174,28.586,18.129,35.459,HARD,24.0,2.0,1,False,False,6.0,2023,Australia
STR,33.0,81.976,28.535,18.15,35.291,HARD,25.0,2.0,1,False,False,6.0,2023,Australia
STR,34.0,82.231,28.612,18.275,35.344,HARD,26.0,2.0,1,False,False,6.0,2023,Australia
STR,35.0,82.065,28.481,18.269,35.315,HARD,27.0,2.0,1,False,False,6.0,2023,Australia
STR,36.0,82.048,28.414,18.233,35.401,HARD,28.0,2.0,1,False,False,6.0,2023,Australia
STR,37.0,82.298,28.633,18.461,35.204,HARD,29.0,2.0,1,False,False,6.0,2023,Australia
STR,38.0,81.451,28.283,18.22,34.948,HARD,30.0,2.0,1,False,False,6.0,2023,Australia
STR,39.0,81.691,28.336,18.332,35.023,HARD,31.0,2.0,1,False,False,6.0,2023,Australia
STR,40.0,81.506,28.279,18.343,34.884,HARD,32.0,2.0,1,False,False,6.0,2023,Australia
STR,41.0,81.725,28.361,18.277,35.087,HARD,33.0,2.0,1,False,False,6.0,2023,Australia
STR,42.0,81.583,28.383,18.25,34.95,HARD,34.0,2.0,1,False,False,6.0,2023,Australia
STR,43.0,81.189,28.245,18.258,34.686,HARD,35.0,2.0,1,False,False,6.0,2023,Australia
STR,44.0,82.039,28.995,18.313,34.731,HARD,36.0,2.0,1,False,False,6.0,2023,Australia
STR,45.0,81.317,28.254,18.194,34.869,HARD,37.0,2.0,1,False,False,6.0,2023,Australia
STR,46.0,81.273,28.461,18.186,34.626,HARD,38.0,2.0,1,False,False,6.0,2023,Australia
STR,47.0,81.435,28.235,18.202,34.998,HARD,39.0,2.0,1,False,False,6.0,2023,Australia
STR,48.0,81.025,28.155,18.162,34.708,HARD,40.0,2.0,1,False,False,6.0,2023,Australia
STR,49.0,81.133,28.252,18.149,34.732,HARD,41.0,2.0,1,False,False,6.0,2023,Australia
STR,50.0,80.934,28.417,17.941,34.576,HARD,42.0,2.0,1,False,False,6.0,2023,Australia
STR,51.0,81.155,28.293,18.201,34.661,HARD,43.0,2.0,1,False,False,6.0,2023,Australia
STR,52.0,81.131,28.203,18.18,34.748,HARD,44.0,2.0,1,False,False,6.0,2023,Australia
STR,53.0,80.957,28.114,18.101,34.742,HARD,45.0,2.0,12,False,False,6.0,2023,Australia
STR,54.0,99.175,28.313,23.743,47.119,HARD,46.0,2.0,14,False,False,6.0,2023,Australia
STR,55.0,,41.852,24.773,,HARD,47.0,2.0,451,False,True,6.0,2023,Australia
STR,56.0,,62.104,47.445,,SOFT,6.0,3.0,1,True,False,6.0,2023,Australia
STR,57.0,,56.172,31.512,,SOFT,7.0,3.0,125,False,True,5.0,2023,Australia
STR,58.0,,58.399,49.348,59.317,SOFT,7.0,4.0,1,True,False,5.0,2023,Australia
SAR,1.0,131.454,,18.82,71.597,HARD,1.0,1.0,124,False,True,17.0,2023,Australia
SAR,2.0,133.1,40.196,28.543,64.361,MEDIUM,1.0,2.0,4,True,True,19.0,2023,Australia
SAR,3.0,110.807,37.071,27.405,46.331,HARD,2.0,3.0,41,True,False,19.0,2023,Australia
SAR,4.0,85.804,30.077,18.641,37.086,HARD,3.0,3.0,1,False,False,19.0,2023,Australia
SAR,5.0,85.136,29.782,18.55,36.804,HARD,4.0,3.0,1,False,False,19.0,2023,Australia
SAR,6.0,84.319,29.383,18.421,36.515,HARD,5.0,3.0,1,False,False,19.0,2023,Australia
SAR,7.0,102.694,29.233,26.854,46.607,HARD,6.0,3.0,124,False,False,17.0,2023,Australia
SAR,8.0,,43.834,43.902,,HARD,7.0,3.0,451,False,True,17.0,2023,Australia
SAR,9.0,,41.272,42.877,90.216,MEDIUM,1.0,4.0,1,True,False,16.0,2023,Australia
SAR,10.0,92.633,35.529,19.143,37.961,MEDIUM,2.0,4.0,1,False,False,15.0,2023,Australia
SAR,11.0,85.76,30.291,18.295,37.174,MEDIUM,3.0,4.0,1,False,False,15.0,2023,Australia
SAR,12.0,84.08,29.558,17.994,36.528,MEDIUM,4.0,4.0,1,False,False,15.0,2023,Australia
SAR,13.0,84.245,29.008,18.062,37.175,MEDIUM,5.0,4.0,1,False,False,16.0,2023,Australia
SAR,14.0,83.499,28.904,18.039,36.556,MEDIUM,6.0,4.0,1,False,False,16.0,2023,Australia
SAR,15.0,84.186,29.17,18.106,36.91,MEDIUM,7.0,4.0,1,False,False,16.0,2023,Australia
SAR,16.0,84.676,29.771,18.23,36.675,MEDIUM,8.0,4.0,1,False,False,16.0,2023,Australia
SAR,17.0,84.105,29.316,18.14,36.649,MEDIUM,9.0,4.0,1,False,False,16.0,2023,Australia
SAR,18.0,109.052,35.806,24.413,48.833,MEDIUM,10.0,4.0,16,False,False,15.0,2023,Australia
SAR,19.0,96.916,39.127,20.935,36.854,MEDIUM,11.0,4.0,671,False,False,15.0,2023,Australia
SAR,20.0,83.766,29.256,18.139,36.371,MEDIUM,12.0,4.0,1,False,False,15.0,2023,Australia
SAR,21.0,83.878,29.064,18.39,36.424,MEDIUM,13.0,4.0,1,False,False,15.0,2023,Australia
SAR,22.0,84.059,29.322,18.326,36.411,MEDIUM,14.0,4.0,1,False,False,15.0,2023,Australia
SAR,23.0,83.982,29.394,18.363,36.225,MEDIUM,15.0,4.0,1,False,False,15.0,2023,Australia
SAR,24.0,84.049,29.367,18.288,36.394,MEDIUM,16.0,4.0,1,False,False,15.0,2023,Australia
SAR,25.0,83.993,29.395,18.354,36.244,MEDIUM,17.0,4.0,1,False,False,15.0,2023,Australia
SAR,26.0,84.205,29.519,18.374,36.312,MEDIUM,18.0,4.0,1,False,False,15.0,2023,Australia
SAR,27.0,83.758,29.386,18.308,36.064,MEDIUM,19.0,4.0,1,False,False,15.0,2023,Australia
SAR,28.0,83.735,29.28,18.285,36.17,MEDIUM,20.0,4.0,1,False,False,15.0,2023,Australia
SAR,29.0,84.122,29.414,18.4,36.308,MEDIUM,21.0,4.0,1,False,False,15.0,2023,Australia
SAR,30.0,84.282,29.555,18.412,36.315,MEDIUM,22.0,4.0,1,False,False,15.0,2023,Australia
SAR,31.0,84.16,29.438,18.458,36.264,MEDIUM,23.0,4.0,1,False,False,15.0,2023,Australia
SAR,32.0,83.996,29.425,18.4,36.171,MEDIUM,24.0,4.0,1,False,False,15.0,2023,Australia
SAR,33.0,84.377,29.543,18.497,36.337,MEDIUM,25.0,4.0,1,False,False,15.0,2023,Australia
SAR,34.0,83.848,29.394,18.434,36.02,MEDIUM,26.0,4.0,1,False,False,15.0,2023,Australia
SAR,35.0,84.874,29.873,18.246,36.755,MEDIUM,27.0,4.0,1,False,False,16.0,2023,Australia
SAR,36.0,99.313,29.336,18.374,51.603,MEDIUM,28.0,4.0,1,False,True,17.0,2023,Australia
SAR,37.0,89.657,35.111,18.523,36.023,HARD,8.0,5.0,1,True,False,17.0,2023,Australia
SAR,38.0,84.396,30.631,18.145,35.62,HARD,9.0,5.0,1,False,False,17.0,2023,Australia
SAR,39.0,82.887,28.727,18.38,35.78,HARD,10.0,5.0,1,False,False,17.0,2023,Australia
SAR,40.0,82.674,28.994,18.25,35.43,HARD,11.0,5.0,1,False,False,17.0,2023,Australia
SAR,41.0,81.974,28.622,18.181,35.171,HARD,12.0,5.0,1,False,False,17.0,2023,Australia
SAR,42.0,81.945,28.751,18.136,35.058,HARD,13.0,5.0,1,False,False,17.0,2023,Australia
SAR,43.0,81.881,28.745,18.033,35.103,HARD,14.0,5.0,1,False,False,17.0,2023,Australia
SAR,44.0,81.57,28.556,18.018,34.996,HARD,15.0,5.0,1,False,False,17.0,2023,Australia
SAR,45.0,81.912,28.6,18.029,35.283,HARD,16.0,5.0,1,False,False,16.0,2023,Australia
SAR,46.0,81.563,28.412,18.076,35.075,HARD,17.0,5.0,1,False,False,16.0,2023,Australia
SAR,47.0,85.687,31.383,18.033,36.271,HARD,18.0,5.0,1,False,False,16.0,2023,Australia
SAR,48.0,85.121,31.943,18.126,35.052,HARD,19.0,5.0,1,False,False,16.0,2023,Australia
SAR,49.0,83.324,28.66,19.023,35.641,HARD,20.0,5.0,1,False,False,16.0,2023,Australia
SAR,50.0,81.456,28.208,17.922,35.326,HARD,21.0,5.0,1,False,False,16.0,2023,Australia
SAR,51.0,83.403,29.834,18.193,35.376,HARD,22.0,5.0,1,False,False,16.0,2023,Australia
SAR,52.0,81.514,28.321,17.964,35.229,HARD,23.0,5.0,12,False,False,16.0,2023,Australia
SAR,53.0,101.181,28.717,24.754,47.71,HARD,24.0,5.0,14,False,False,15.0,2023,Australia
SAR,54.0,,39.654,25.089,,HARD,25.0,5.0,45,False,True,15.0,2023,Australia
SAR,55.0,,,19.457,,SOFT,1.0,6.0,51,True,True,15.0,2023,Australia
SAR,56.0,,48.935,41.733,96.994,SOFT,2.0,7.0,1,True,False,16.0,2023,Australia
SAR,57.0,,,,,SOFT,3.0,7.0,12,False,False,,2023,Australia
MAG,1.0,118.026,,19.134,59.285,MEDIUM,1.0,1.0,124,False,False,12.0,2023,Australia
MAG,2.0,127.597,44.888,31.126,51.583,MEDIUM,2.0,1.0,4,False,False,12.0,2023,Australia
MAG,3.0,124.025,48.199,28.516,47.31,MEDIUM,3.0,1.0,41,False,False,12.0,2023,Australia
MAG,4.0,85.406,29.986,18.623,36.797,MEDIUM,4.0,1.0,1,False,False,12.0,2023,Australia
MAG,5.0,85.054,29.749,18.706,36.599,MEDIUM,5.0,1.0,1,False,False,12.0,2023,Australia
MAG,6.0,83.956,29.421,18.553,35.982,MEDIUM,6.0,1.0,1,False,False,12.0,2023,Australia
MAG,7.0,117.79,28.974,20.885,67.931,MEDIUM,7.0,1.0,124,False,True,18.0,2023,Australia
MAG,8.0,,39.872,41.069,,HARD,1.0,2.0,451,True,True,18.0,2023,Australia
MAG,9.0,,38.639,42.517,86.691,HARD,2.0,3.0,1,True,False,18.0,2023,Australia
MAG,10.0,92.162,34.906,19.187,38.069,HARD,3.0,3.0,1,False,False,14.0,2023,Australia
MAG,11.0,85.389,30.034,18.621,36.734,HARD,4.0,3.0,1,False,False,14.0,2023,Australia
MAG,12.0,83.863,29.567,18.276,36.02,HARD,5.0,3.0,1,False,False,14.0,2023,Australia
MAG,13.0,83.538,29.177,18.223,36.138,HARD,6.0,3.0,1,False,False,14.0,2023,Australia
MAG,14.0,83.519,29.153,18.197,36.169,HARD,7.0,3.0,1,False,False,14.0,2023,Australia
MAG,15.0,85.158,29.414,18.361,37.383,HARD,8.0,3.0,1,False,False,15.0,2023,Australia
MAG,16.0,84.687,29.521,18.264,36.902,HARD,9.0,3.0,1,False,False,15.0,2023,Australia
MAG,17.0,83.574,29.222,18.206,36.146,HARD,10.0,3.0,1,False,False,15.0,2023,Australia
MAG,18.0,109.154,35.758,24.53,48.866,HARD,11.0,3.0,16,False,False,14.0,2023,Australia
MAG,19.0,96.945,39.593,21.295,36.057,HARD,12.0,3.0,671,False,False,14.0,2023,Australia
MAG,20.0,83.584,29.223,18.423,35.938,HARD,13.0,3.0,1,False,False,14.0,2023,Australia
MAG,21.0,83.425,29.112,18.439,35.874,HARD,14.0,3.0,1,False,False,14.0,2023,Australia
MAG,22.0,83.387,29.203,18.412,35.772,HARD,15.0,3.0,1,False,False,14.0,2023,Australia
MAG,23.0,83.313,28.973,18.427,35.913,HARD,16.0,3.0,1,False,False,14.0,2023,Australia
MAG,24.0,83.043,29.006,18.416,35.621,HARD,17.0,3.0,1,False,False,14.0,2023,Australia
MAG,25.0,83.216,29.023,18.384,35.809,HARD,18.0,3.0,1,False,False,14.0,2023,Australia
MAG,26.0,83.235,29.003,18.395,35.837,HARD,19.0,3.0,1,False,False,14.0,2023,Australia
MAG,27.0,82.554,28.793,17.995,35.766,HARD,20.0,3.0,1,False,False,14.0,2023,Australia
MAG,28.0,83.442,29.255,18.477,35.71,HARD,21.0,3.0,1,False,False,14.0,2023,Australia
MAG,29.0,82.587,28.821,17.988,35.778,HARD,22.0,3.0,1,False,False,14.0,2023,Australia
MAG,30.0,83.476,28.938,18.093,36.445,HARD,23.0,3.0,1,False,False,14.0,2023,Australia
MAG,31.0,84.146,29.249,18.016,36.881,HARD,24.0,3.0,1,False,False,14.0,2023,Australia
MAG,32.0,83.534,29.249,18.085,36.2,HARD,25.0,3.0,1,False,False,14.0,2023,Australia
MAG,33.0,82.592,28.886,17.998,35.708,HARD,26.0,3.0,1,False,False,14.0,2023,Australia
MAG,34.0,83.295,28.988,18.037,36.27,HARD,27.0,3.0,1,False,False,14.0,2023,Australia
MAG,35.0,84.159,30.234,18.07,35.855,HARD,28.0,3.0,1,False,False,13.0,2023,Australia
MAG,36.0,82.807,28.777,18.087,35.943,HARD,29.0,3.0,1,False,False,12.0,2023,Australia
MAG,37.0,83.212,29.012,18.525,35.675,HARD,30.0,3.0,1,False,False,12.0,2023,Australia
MAG,38.0,82.647,28.82,18.495,35.332,HARD,31.0,3.0,1,False,False,12.0,2023,Australia
MAG,39.0,82.484,28.71,18.495,35.279,HARD,32.0,3.0,1,False,False,12.0,2023,Australia
MAG,40.0,82.141,28.533,18.399,35.209,HARD,33.0,3.0,1,False,False,12.0,2023,Australia
MAG,41.0,82.774,28.594,18.409,35.771,HARD,34.0,3.0,1,False,False,12.0,2023,Australia
MAG,42.0,82.53,28.834,18.426,35.27,HARD,35.0,3.0,1,False,False,12.0,2023,Australia
MAG,43.0,82.209,28.652,18.388,35.169,HARD,36.0,3.0,1,False,False,12.0,2023,Australia
MAG,44.0,82.164,28.602,18.385,35.177,HARD,37.0,3.0,1,False,False,12.0,2023,Australia
MAG,45.0,81.963,28.727,18.265,34.971,HARD,38.0,3.0,1,False,False,12.0,2023,Australia
MAG,46.0,81.792,28.433,18.314,35.045,HARD,39.0,3.0,1,False,False,12.0,2023,Australia
MAG,47.0,81.919,28.522,18.38,35.017,HARD,40.0,3.0,1,False,False,12.0,2023,Australia
MAG,48.0,81.972,28.428,18.401,35.143,HARD,41.0,3.0,1,False,False,12.0,2023,Australia
MAG,49.0,81.963,28.425,18.397,35.141,HARD,42.0,3.0,1,False,False,12.0,2023,Australia
MAG,50.0,81.978,28.532,18.399,35.047,HARD,43.0,3.0,1,False,False,12.0,2023,Australia
MAG,51.0,82.575,28.497,18.38,35.698,HARD,44.0,3.0,1,False,False,12.0,2023,Australia
MAG,52.0,81.685,28.475,18.273,34.937,HARD,45.0,3.0,1,False,False,12.0,2023,Australia
MAG,53.0,,,,,HARD,46.0,3.0,124,False,False,,2023,Australia
DEV,1.0,119.887,,19.23,59.997,HARD,1.0,1.0,124,False,False,14.0,2023,Australia
DEV,2.0,127.5,45.085,30.76,51.655,HARD,2.0,1.0,4,False,False,14.0,2023,Australia
DEV,3.0,123.952,48.178,28.173,47.601,HARD,3.0,1.0,41,False,False,14.0,2023,Australia
DEV,4.0,85.259,29.751,18.691,36.817,HARD,4.0,1.0,1,False,False,14.0,2023,Australia
DEV,5.0,85.025,29.641,18.745,36.639,HARD,5.0,1.0,1,False,False,14.0,2023,Australia
DEV,6.0,84.18,29.543,18.288,36.349,HARD,6.0,1.0,1,False,False,14.0,2023,Australia
DEV,7.0,101.827,29.233,25.992,46.602,HARD,7.0,1.0,124,False,False,12.0,2023,Australia
DEV,8.0,,44.538,43.661,,HARD,8.0,1.0,451,False,True,12.0,2023,Australia
DEV,9.0,,40.469,49.979,97.001,MEDIUM,1.0,2.0,1,True,False,12.0,2023,Australia
DEV,10.0,94.287,37.204,19.515,37.568,MEDIUM,2.0,2.0,1,False,False,17.0,2023,Australia
DEV,11.0,85.891,30.459,18.719,36.713,MEDIUM,3.0,2.0,1,False,False,17.0,2023,Australia
DEV,12.0,84.118,29.698,18.258,36.162,MEDIUM,4.0,2.0,1,False,False,17.0,2023,Australia
DEV,13.0,83.579,29.181,18.279,36.119,MEDIUM,5.0,2.0,1,False,False,17.0,2023,Australia
DEV,14.0,83.662,29.306,18.344,36.012,MEDIUM,6.0,2.0,1,False,False,17.0,2023,Australia
DEV,15.0,83.984,29.132,18.292,36.56,MEDIUM,7.0,2.0,1,False,False,17.0,2023,Australia
DEV,16.0,84.689,29.625,18.447,36.617,MEDIUM,8.0,2.0,1,False,False,17.0,2023,Australia
DEV,17.0,84.01,29.325,18.292,36.393,MEDIUM,9.0,2.0,1,False,False,17.0,2023,Australia
DEV,18.0,111.842,39.575,23.181,49.086,MEDIUM,10.0,2.0,16,False,False,17.0,2023,Australia
DEV,19.0,95.942,38.398,21.428,36.116,MEDIUM,11.0,2.0,671,False,False,17.0,2023,Australia
DEV,20.0,84.161,29.05,18.172,36.939,MEDIUM,12.0,2.0,1,False,False,16.0,2023,Australia
DEV,21.0,83.792,29.249,18.609,35.934,MEDIUM,13.0,2.0,1,False,False,16.0,2023,Australia
DEV,22.0,84.349,29.29,18.659,36.4,MEDIUM,14.0,2.0,1,False,False,16.0,2023,Australia
DEV,23.0,84.019,29.301,18.616,36.102,MEDIUM,15.0,2.0,1,False,False,16.0,2023,Australia
DEV,24.0,84.229,29.436,18.562,36.231,MEDIUM,16.0,2.0,1,False,False,16.0,2023,Australia
DEV,25.0,84.453,29.548000000000002,18.612,36.293,MEDIUM,17.0,2.0,1,False,False,16.0,2023,Australia
DEV,26.0,84.353,29.42,18.601,36.332,MEDIUM,18.0,2.0,1,False,False,16.0,2023,Australia
DEV,27.0,86.014,30.898,18.515,36.601,MEDIUM,19.0,2.0,1,False,False,17.0,2023,Australia
DEV,28.0,84.406,29.271,18.623,36.512,MEDIUM,20.0,2.0,1,False,False,17.0,2023,Australia
DEV,29.0,84.527,29.483,18.62,36.424,MEDIUM,21.0,2.0,1,False,False,17.0,2023,Australia
DEV,30.0,84.284,29.403,18.585,36.296,MEDIUM,22.0,2.0,1,False,False,17.0,2023,Australia
DEV,31.0,84.333,29.314,18.685,36.334,MEDIUM,23.0,2.0,1,False,False,17.0,2023,Australia
DEV,32.0,84.357,29.393,18.692,36.272,MEDIUM,24.0,2.0,1,False,False,17.0,2023,Australia
DEV,33.0,83.992,29.382,18.511,36.099,MEDIUM,25.0,2.0,1,False,False,17.0,2023,Australia
DEV,34.0,84.134,29.241,18.697,36.196,MEDIUM,26.0,2.0,1,False,False,17.0,2023,Australia
DEV,35.0,84.628,29.194,18.684,36.75,MEDIUM,27.0,2.0,1,False,False,17.0,2023,Australia
DEV,36.0,84.398,29.425,18.593,36.38,MEDIUM,28.0,2.0,1,False,False,16.0,2023,Australia
DEV,37.0,84.155,29.252,18.684,36.219,MEDIUM,29.0,2.0,1,False,False,16.0,2023,Australia
DEV,38.0,84.131,29.331,18.637,36.163,MEDIUM,30.0,2.0,1,False,False,16.0,2023,Australia
DEV,39.0,83.947,29.12,18.697,36.13,MEDIUM,31.0,2.0,1,False,False,16.0,2023,Australia
DEV,40.0,83.933,29.248,18.685,36.0,MEDIUM,32.0,2.0,1,False,False,16.0,2023,Australia
DEV,41.0,83.696,29.056,18.621,36.019,MEDIUM,33.0,2.0,1,False,False,16.0,2023,Australia
DEV,42.0,84.184,29.234,18.701,36.249,MEDIUM,34.0,2.0,1,False,False,16.0,2023,Australia
DEV,43.0,85.035,30.559,18.586,35.89,MEDIUM,35.0,2.0,1,False,False,16.0,2023,Australia
DEV,44.0,83.637,29.165,18.591,35.881,MEDIUM,36.0,2.0,1,False,False,16.0,2023,Australia
DEV,45.0,98.544,29.246,18.57,50.728,MEDIUM,37.0,2.0,1,False,True,17.0,2023,Australia
DEV,46.0,88.53,34.684,18.646,35.2,SOFT,1.0,3.0,1,True,False,17.0,2023,Australia
DEV,47.0,81.844,28.378,18.415,35.051,SOFT,2.0,3.0,1,False,False,17.0,2023,Australia
DEV,48.0,81.693,28.391,18.378,34.924,SOFT,3.0,3.0,1,False,False,17.0,2023,Australia
DEV,49.0,81.288,28.265,18.287,34.736,SOFT,4.0,3.0,1,False,False,17.0,2023,Australia
DEV,50.0,81.183,28.155,18.299,34.729,SOFT,5.0,3.0,1,False,False,17.0,2023,Australia
DEV,51.0,81.331,28.289,18.219,34.823,SOFT,6.0,3.0,1,False,False,17.0,2023,Australia
DEV,52.0,81.189,28.328,18.157,34.704,SOFT,7.0,3.0,12,False,False,17.0,2023,Australia
DEV,53.0,105.538,29.774,25.646,50.118,SOFT,8.0,3.0,14,False,False,16.0,2023,Australia
DEV,54.0,,39.176,25.203,,SOFT,9.0,3.0,45,False,True,16.0,2023,Australia
DEV,55.0,,,19.937,,SOFT,5.0,4.0,51,True,True,16.0,2023,Australia
DEV,56.0,,48.662,41.003,95.33,SOFT,6.0,5.0,1,True,False,15.0,2023,Australia
DEV,57.0,,,,,SOFT,7.0,5.0,12,False,False,,2023,Australia
TSU,1.0,113.776,,19.12,55.577,MEDIUM,1.0,1.0,124,False,False,10.0,2023,Australia
TSU,2.0,130.201,45.585,32.958,51.658,MEDIUM,2.0,1.0,4,False,False,10.0,2023,Australia
TSU,3.0,124.796,46.162,29.67,48.964,MEDIUM,3.0,1.0,41,False,False,10.0,2023,Australia
TSU,4.0,85.299,29.88,18.731,36.688,MEDIUM,4.0,1.0,1,False,False,10.0,2023,Australia
TSU,5.0,84.62,29.502,18.737,36.381,MEDIUM,5.0,1.0,1,False,False,10.0,2023,Australia
TSU,6.0,84.11,29.272,18.683,36.155,MEDIUM,6.0,1.0,1,False,False,10.0,2023,Australia
TSU,7.0,101.839,29.343,20.89,51.606,MEDIUM,7.0,1.0,124,False,False,9.0,2023,Australia
TSU,8.0,,43.542,44.471,,MEDIUM,8.0,1.0,451,False,True,8.0,2023,Australia
TSU,9.0,,42.533,52.346,,HARD,1.0,2.0,1,True,False,8.0,2023,Australia
TSU,10.0,90.664,34.642,19.067,36.955,HARD,2.0,2.0,1,False,False,8.0,2023,Australia
TSU,11.0,84.878,29.617,18.717,36.544,HARD,3.0,2.0,1,False,False,8.0,2023,Australia
TSU,12.0,84.596,30.045,18.479,36.072,HARD,4.0,2.0,1,False,False,9.0,2023,Australia
TSU,13.0,83.629,29.019,18.543,36.067,HARD,5.0,2.0,1,False,False,9.0,2023,Australia
TSU,14.0,84.369,29.153,18.568,36.648,HARD,6.0,2.0,1,False,False,10.0,2023,Australia
TSU,15.0,83.945,29.399,18.511,36.035,HARD,7.0,2.0,1,False,False,10.0,2023,Australia
TSU,16.0,84.004,29.116,18.599,36.289,HARD,8.0,2.0,1,False,False,10.0,2023,Australia
TSU,17.0,83.704,29.204,18.538,35.962,HARD,9.0,2.0,1,False,False,9.0,2023,Australia
TSU,18.0,106.475,30.785,27.304,48.386,HARD,10.0,2.0,16,False,False,9.0,2023,Australia
TSU,19.0,98.349,39.992,22.558,35.799,HARD,11.0,2.0,671,False,False,9.0,2023,Australia
TSU,20.0,83.267,28.976,18.483,35.808,HARD,12.0,2.0,1,False,False,9.0,2023,Australia
TSU,21.0,83.906,28.988,18.485,36.433,HARD,13.0,2.0,1,False,False,9.0,2023,Australia
TSU,22.0,83.222,28.973,18.679,35.57,HARD,14.0,2.0,1,False,False,9.0,2023,Australia
TSU,23.0,83.846,29.042,18.653,36.151,HARD,15.0,2.0,1,False,False,10.0,2023,Australia
TSU,24.0,83.76,29.023,18.523,36.214,HARD,16.0,2.0,1,False,False,10.0,2023,Australia
TSU,25.0,83.612,28.969,18.571,36.072,HARD,17.0,2.0,1,False,False,10.0,2023,Australia
TSU,26.0,83.431,29.147,18.547,35.737,HARD,18.0,2.0,1,False,False,10.0,2023,Australia
TSU,27.0,83.693,29.017,18.568,36.108,HARD,19.0,2.0,1,False,False,11.0,2023,Australia
TSU,28.0,83.13,28.804,18.53,35.796,HARD,20.0,2.0,1,False,False,11.0,2023,Australia
TSU,29.0,83.893,29.202,18.626,36.065,HARD,21.0,2.0,1,False,False,12.0,2023,Australia
TSU,30.0,83.558,29.166,18.494,35.898,HARD,22.0,2.0,1,False,False,12.0,2023,Australia
TSU,31.0,83.831,29.122,18.568,36.141,HARD,23.0,2.0,1,False,False,12.0,2023,Australia
TSU,32.0,83.246,29.073,18.614,35.559,HARD,24.0,2.0,1,False,False,12.0,2023,Australia
TSU,33.0,83.068,28.866,18.581,35.621,HARD,25.0,2.0,1,False,False,12.0,2023,Australia
TSU,34.0,83.934,28.905,18.555,36.474,HARD,26.0,2.0,1,False,False,12.0,2023,Australia
TSU,35.0,85.477,30.382,18.343,36.752,HARD,27.0,2.0,1,False,False,14.0,2023,Australia
TSU,36.0,83.31,28.921,18.506,35.883,HARD,28.0,2.0,1,False,False,14.0,2023,Australia
TSU,37.0,83.084,28.997,18.262,35.825,HARD,29.0,2.0,1,False,False,14.0,2023,Australia
TSU,38.0,83.057,29.021,18.257,35.779,HARD,30.0,2.0,1,False,False,14.0,2023,Australia
TSU,39.0,83.193,28.919,18.552,35.722,HARD,31.0,2.0,1,False,False,14.0,2023,Australia
TSU,40.0,82.901,28.977,18.483,35.441,HARD,32.0,2.0,1,False,False,14.0,2023,Australia
TSU,41.0,82.91,28.917,18.51,35.483,HARD,33.0,2.0,1,False,False,14.0,2023,Australia
TSU,42.0,82.881,28.89,18.554,35.437,HARD,34.0,2.0,1,False,False,14.0,2023,Australia
TSU,43.0,82.806,28.897,18.486,35.423,HARD,35.0,2.0,1,False,False,14.0,2023,Australia
TSU,44.0,82.387,28.796,18.411,35.18,HARD,36.0,2.0,1,False,False,14.0,2023,Australia
TSU,45.0,82.111,28.563,18.343,35.205,HARD,37.0,2.0,1,False,False,14.0,2023,Australia
TSU,46.0,82.299,28.671,18.347,35.281,HARD,38.0,2.0,1,False,False,14.0,2023,Australia
TSU,47.0,82.009,28.587,18.372,35.05,HARD,39.0,2.0,1,False,False,14.0,2023,Australia
TSU,48.0,82.04,28.519,18.414,35.107,HARD,40.0,2.0,1,False,False,14.0,2023,Australia
TSU,49.0,82.294,28.714,18.425,35.155,HARD,41.0,2.0,1,False,False,14.0,2023,Australia
TSU,50.0,82.011,28.653,18.316,35.042,HARD,42.0,2.0,1,False,False,14.0,2023,Australia
TSU,51.0,81.827,28.528,18.309,34.99,HARD,43.0,2.0,1,False,False,14.0,2023,Australia
TSU,52.0,81.789,28.553,18.331,34.905,HARD,44.0,2.0,1,False,False,14.0,2023,Australia
TSU,53.0,91.019,30.103,18.472,42.444,HARD,45.0,2.0,124,False,False,13.0,2023,Australia
TSU,54.0,123.458,46.162,20.15,57.146,HARD,46.0,2.0,4,False,True,13.0,2023,Australia
TSU,55.0,,47.542,24.464,,SOFT,1.0,3.0,451,True,True,13.0,2023,Australia
TSU,56.0,,52.121,41.487,98.548,SOFT,5.0,4.0,1,True,False,12.0,2023,Australia
TSU,57.0,,45.605,31.41,,SOFT,6.0,4.0,125,False,True,11.0,2023,Australia
TSU,58.0,,49.925,50.541,56.505,SOFT,9.0,5.0,1,True,False,11.0,2023,Australia
ALB,1.0,106.373,,18.791,50.087,MEDIUM,1.0,1.0,124,False,False,6.0,2023,Australia
ALB,2.0,130.798,47.994,31.504,51.3,MEDIUM,2.0,1.0,4,False,False,6.0,2023,Australia
ALB,3.0,129.355,47.694,28.097,53.564,MEDIUM,3.0,1.0,41,False,False,6.0,2023,Australia
ALB,4.0,84.327,29.279,18.408,36.64,MEDIUM,4.0,1.0,1,False,False,6.0,2023,Australia
ALB,5.0,83.639,29.185,18.308,36.146,MEDIUM,5.0,1.0,1,False,False,6.0,2023,Australia
ALB,6.0,83.349,29.156,18.316,35.877,MEDIUM,6.0,1.0,1,False,False,6.0,2023,Australia
ALB,7.0,,,,,MEDIUM,7.0,1.0,124,False,False,,2023,Australia
ZHO,1.0,129.967,,19.38,70.454,SOFT,1.0,1.0,124,False,True,16.0,2023,Australia
ZHO,2.0,119.863,40.087,28.783,50.993,HARD,1.0,2.0,4,True,False,16.0,2023,Australia
ZHO,3.0,123.71,48.051,27.84,47.819,HARD,2.0,2.0,41,False,False,16.0,2023,Australia
ZHO,4.0,85.204,29.669,18.847,36.688,HARD,3.0,2.0,1,False,False,16.0,2023,Australia
ZHO,5.0,84.847,29.531,18.788,36.528,HARD,4.0,2.0,1,False,False,16.0,2023,Australia
ZHO,6.0,84.856,29.409,18.769,36.678,HARD,5.0,2.0,1,False,False,17.0,2023,Australia
ZHO,7.0,101.268,29.323,26.201,45.744,HARD,6.0,2.0,124,False,False,15.0,2023,Australia
ZHO,8.0,,45.105,44.355,,HARD,7.0,2.0,451,False,True,15.0,2023,Australia
ZHO,9.0,,42.389,44.122,92.096,HARD,8.0,3.0,1,True,False,15.0,2023,Australia
ZHO,10.0,91.657,34.705,18.938,38.014,HARD,9.0,3.0,1,False,False,12.0,2023,Australia
ZHO,11.0,85.23,29.826,18.694,36.71,HARD,10.0,3.0,1,False,False,12.0,2023,Australia
ZHO,12.0,83.869,29.503,18.312,36.054,HARD,11.0,3.0,1,False,False,12.0,2023,Australia
ZHO,13.0,83.411,29.141,18.357,35.913,HARD,12.0,3.0,1,False,False,12.0,2023,Australia
ZHO,14.0,83.581,29.12,18.267,36.194,HARD,13.0,3.0,1,False,False,12.0,2023,Australia
ZHO,15.0,85.028,29.926,18.245,36.857,HARD,14.0,3.0,1,False,False,12.0,2023,Australia
ZHO,16.0,85.545,29.79,18.514,37.241,HARD,15.0,3.0,1,False,False,14.0,2023,Australia
ZHO,17.0,83.374,29.071,18.356,35.947,HARD,16.0,3.0,1,False,False,13.0,2023,Australia
ZHO,18.0,107.644,34.679,24.388,48.577,HARD,17.0,3.0,16,False,False,13.0,2023,Australia
ZHO,19.0,97.806,39.95,21.815,36.041,HARD,18.0,3.0,671,False,False,13.0,2023,Australia
ZHO,20.0,83.666,29.261,18.639,35.766,HARD,19.0,3.0,1,False,False,13.0,2023,Australia
ZHO,21.0,83.268,29.026,18.575,35.667,HARD,20.0,3.0,1,False,False,13.0,2023,Australia
ZHO,22.0,83.205,29.037,18.484,35.684,HARD,21.0,3.0,1,False,False,13.0,2023,Australia
ZHO,23.0,83.418,29.042,18.618,35.758,HARD,22.0,3.0,1,False,False,13.0,2023,Australia
ZHO,24.0,83.121,28.959,18.423,35.739,HARD,23.0,3.0,1,False,False,13.0,2023,Australia
ZHO,25.0,83.46,28.953,18.497,36.01,HARD,24.0,3.0,1,False,False,13.0,2023,Australia
ZHO,26.0,83.488,29.038,18.492,35.958,HARD,25.0,3.0,1,False,False,13.0,2023,Australia
ZHO,27.0,82.631,28.753,18.169,35.709,HARD,26.0,3.0,1,False,False,13.0,2023,Australia
ZHO,28.0,82.904,28.829,18.271,35.804,HARD,27.0,3.0,1,False,False,13.0,2023,Australia
ZHO,29.0,83.25,29.105,18.274,35.871,HARD,28.0,3.0,1,False,False,13.0,2023,Australia
ZHO,30.0,83.563,29.215,18.245,36.103,HARD,29.0,3.0,1,False,False,13.0,2023,Australia
ZHO,31.0,84.468,29.205,18.153,37.11,HARD,30.0,3.0,1,False,False,13.0,2023,Australia
ZHO,32.0,83.025,28.854,18.266,35.905,HARD,31.0,3.0,1,False,False,13.0,2023,Australia
ZHO,33.0,82.777,28.857,18.277,35.643,HARD,32.0,3.0,1,False,False,13.0,2023,Australia
ZHO,34.0,83.493,28.876,18.133,36.484,HARD,33.0,3.0,1,False,False,13.0,2023,Australia
ZHO,35.0,83.667,29.438,18.686,35.543,HARD,34.0,3.0,1,False,False,12.0,2023,Australia
ZHO,36.0,84.117,28.724,18.597,36.796,HARD,35.0,3.0,1,False,False,13.0,2023,Australia
ZHO,37.0,83.222,29.126,18.345,35.751,HARD,36.0,3.0,1,False,False,13.0,2023,Australia
ZHO,38.0,82.917,29.059,18.284,35.574,HARD,37.0,3.0,1,False,False,13.0,2023,Australia
ZHO,39.0,82.464,28.79,18.35,35.324,HARD,38.0,3.0,1,False,False,13.0,2023,Australia
ZHO,40.0,82.243,28.697,18.268,35.278,HARD,39.0,3.0,1,False,False,13.0,2023,Australia
ZHO,41.0,82.246,28.661,18.169,35.416,HARD,40.0,3.0,1,False,False,13.0,2023,Australia
ZHO,42.0,82.732,29.106,18.148,35.478,HARD,41.0,3.0,1,False,False,13.0,2023,Australia
ZHO,43.0,82.348,28.79,18.162,35.396,HARD,42.0,3.0,1,False,False,13.0,2023,Australia
ZHO,44.0,82.115,28.686,18.208,35.221,HARD,43.0,3.0,1,False,False,13.0,2023,Australia
ZHO,45.0,82.049,28.685,18.079,35.285,HARD,44.0,3.0,1,False,False,13.0,2023,Australia
ZHO,46.0,81.936,28.52,18.167,35.249,HARD,45.0,3.0,1,False,False,13.0,2023,Australia
ZHO,47.0,81.862,28.499,18.173,35.19,HARD,46.0,3.0,1,False,False,13.0,2023,Australia
ZHO,48.0,81.819,28.487,18.222,35.11,HARD,47.0,3.0,1,False,False,13.0,2023,Australia
ZHO,49.0,81.983,28.491,18.209,35.283,HARD,48.0,3.0,1,False,False,13.0,2023,Australia
ZHO,50.0,81.836,28.448,18.087,35.301,HARD,49.0,3.0,1,False,False,13.0,2023,Australia
ZHO,51.0,82.781,28.538,17.988,36.255,HARD,50.0,3.0,1,False,False,13.0,2023,Australia
ZHO,52.0,82.05,28.692,18.199,35.159,HARD,51.0,3.0,1,False,False,13.0,2023,Australia
ZHO,53.0,86.766,29.97,18.695,38.101,HARD,52.0,3.0,124,False,False,12.0,2023,Australia
ZHO,54.0,130.457,50.503,19.701,60.253,HARD,53.0,3.0,4,False,True,12.0,2023,Australia
ZHO,55.0,,43.389,25.407,,SOFT,1.0,4.0,451,True,True,12.0,2023,Australia
ZHO,56.0,,51.007,44.181,,SOFT,1.0,5.0,1,True,False,14.0,2023,Australia
ZHO,57.0,,49.827,31.478,,SOFT,2.0,5.0,125,False,True,10.0,2023,Australia
ZHO,58.0,,50.262,50.247,56.893,SOFT,3.0,6.0,1,True,False,10.0,2023,Australia
HUL,1.0,111.408,,18.831,53.661,MEDIUM,1.0,1.0,124,False,False,9.0,2023,Australia
HUL,2.0,131.316,46.722,31.511,53.083,MEDIUM,2.0,1.0,4,False,False,9.0,2023,Australia
HUL,3.0,125.204,45.784,29.229,50.191,MEDIUM,3.0,1.0,41,False,False,9.0,2023,Australia
HUL,4.0,84.833,29.802,18.455,36.576,MEDIUM,4.0,1.0,1,False,False,9.0,2023,Australia
HUL,5.0,84.295,29.423,18.482,36.39,MEDIUM,5.0,1.0,1,False,False,9.0,2023,Australia
HUL,6.0,83.539,29.248,18.163,36.128,MEDIUM,6.0,1.0,1,False,False,9.0,2023,Australia
HUL,7.0,99.166,29.193,19.167,50.806,MEDIUM,7.0,1.0,124,False,False,6.0,2023,Australia
HUL,8.0,,43.8,45.299,,MEDIUM,8.0,1.0,451,False,True,6.0,2023,Australia
HUL,9.0,,46.837,54.255,,HARD,1.0,2.0,1,True,False,7.0,2023,Australia
HUL,10.0,90.264,34.52,18.694,37.05,HARD,2.0,2.0,1,False,False,7.0,2023,Australia
HUL,11.0,84.823,29.533,18.415,36.875,HARD,3.0,2.0,1,False,False,7.0,2023,Australia
HUL,12.0,83.261,29.196,18.123,35.942,HARD,4.0,2.0,1,False,False,7.0,2023,Australia
HUL,13.0,83.719,29.056,18.181,36.482,HARD,5.0,2.0,1,False,False,7.0,2023,Australia
HUL,14.0,84.129,29.936,18.2,35.993,HARD,6.0,2.0,1,False,False,8.0,2023,Australia
HUL,15.0,83.01,29.006,18.148,35.856,HARD,7.0,2.0,1,False,False,8.0,2023,Australia
HUL,16.0,82.824,28.993,18.052,35.779,HARD,8.0,2.0,1,False,False,8.0,2023,Australia
HUL,17.0,83.7,29.163,18.002,36.535,HARD,9.0,2.0,1,False,False,7.0,2023,Australia
HUL,18.0,105.143,28.822,28.017,48.304,HARD,10.0,2.0,16,False,False,7.0,2023,Australia
HUL,19.0,99.241,39.041,24.018,36.182,HARD,11.0,2.0,671,False,False,7.0,2023,Australia
HUL,20.0,82.613,28.901,18.297,35.415,HARD,12.0,2.0,1,False,False,7.0,2023,Australia
HUL,21.0,82.681,28.872,18.311,35.498,HARD,13.0,2.0,1,False,False,7.0,2023,Australia
HUL,22.0,82.625,28.839,18.31,35.476,HARD,14.0,2.0,1,False,False,7.0,2023,Australia
HUL,23.0,82.59,28.761,18.344,35.485,HARD,15.0,2.0,1,False,False,7.0,2023,Australia
HUL,24.0,82.639,28.836,18.31,35.493,HARD,16.0,2.0,1,False,False,7.0,2023,Australia
HUL,25.0,83.067,28.923000000000002,18.311,35.833,HARD,17.0,2.0,1,False,False,7.0,2023,Australia
HUL,26.0,82.479,28.683,18.241,35.555,HARD,18.0,2.0,1,False,False,7.0,2023,Australia
HUL,27.0,82.221,28.63,18.145,35.446,HARD,19.0,2.0,1,False,False,7.0,2023,Australia
HUL,28.0,82.333,28.792,18.161,35.38,HARD,20.0,2.0,1,False,False,7.0,2023,Australia
HUL,29.0,82.223,28.721,18.173,35.329,HARD,21.0,2.0,1,False,False,7.0,2023,Australia
HUL,30.0,82.671,29.077,18.289,35.305,HARD,22.0,2.0,1,False,False,7.0,2023,Australia
HUL,31.0,82.397,28.811,18.344,35.242,HARD,23.0,2.0,1,False,False,7.0,2023,Australia
HUL,32.0,82.088,28.701,18.266,35.121,HARD,24.0,2.0,1,False,False,7.0,2023,Australia
HUL,33.0,81.744,28.516,18.154,35.074,HARD,25.0,2.0,1,False,False,7.0,2023,Australia
HUL,34.0,82.192,28.713,18.331,35.148,HARD,26.0,2.0,1,False,False,7.0,2023,Australia
HUL,35.0,82.241,28.634,18.292,35.315,HARD,27.0,2.0,1,False,False,7.0,2023,Australia
HUL,36.0,82.141,28.563,18.22,35.358,HARD,28.0,2.0,1,False,False,7.0,2023,Australia
HUL,37.0,81.969,28.576999999999998,18.24,35.152,HARD,29.0,2.0,1,False,False,7.0,2023,Australia
HUL,38.0,82.197,28.635,18.21,35.352,HARD,30.0,2.0,1,False,False,7.0,2023,Australia
HUL,39.0,81.852,28.59,18.269,34.993,HARD,31.0,2.0,1,False,False,7.0,2023,Australia
HUL,40.0,81.593,28.469,18.185,34.939,HARD,32.0,2.0,1,False,False,7.0,2023,Australia
HUL,41.0,81.993,28.505,18.165,35.323,HARD,33.0,2.0,1,False,False,7.0,2023,Australia
HUL,42.0,81.438,28.406,18.17,34.862,HARD,34.0,2.0,1,False,False,7.0,2023,Australia
HUL,43.0,81.53,28.428,18.134,34.968,HARD,35.0,2.0,1,False,False,7.0,2023,Australia
HUL,44.0,83.034,28.718,18.189,36.127,HARD,36.0,2.0,1,False,False,8.0,2023,Australia
HUL,45.0,81.406,28.546,17.889,34.971,HARD,37.0,2.0,1,False,False,8.0,2023,Australia
HUL,46.0,81.124,28.446,17.687,34.991,HARD,38.0,2.0,1,False,False,8.0,2023,Australia
HUL,47.0,81.544,28.273,18.014,35.257,HARD,39.0,2.0,1,False,False,8.0,2023,Australia
HUL,48.0,81.866,28.471,18.042,35.353,HARD,40.0,2.0,1,False,False,8.0,2023,Australia
HUL,49.0,81.942,28.669,18.117,35.156,HARD,41.0,2.0,1,False,False,8.0,2023,Australia
HUL,50.0,81.872,28.417,18.142,35.313,HARD,42.0,2.0,1,False,False,8.0,2023,Australia
HUL,51.0,84.48,28.45,18.158,37.872,HARD,43.0,2.0,1,False,False,9.0,2023,Australia
HUL,52.0,82.593,29.191,18.263,35.139,HARD,44.0,2.0,1,False,False,9.0,2023,Australia
HUL,53.0,81.726,28.548000000000002,18.126,35.052,HARD,45.0,2.0,12,False,False,9.0,2023,Australia
HUL,54.0,104.548,28.82,26.546,49.182,HARD,46.0,2.0,14,False,False,9.0,2023,Australia
HUL,55.0,,39.536,25.295,,HARD,47.0,2.0,451,False,True,9.0,2023,Australia
HUL,56.0,,52.428,49.821,,SOFT,5.0,3.0,1,True,False,9.0,2023,Australia
HUL,57.0,,44.319,30.694,,SOFT,6.0,3.0,125,False,True,8.0,2023,Australia
HUL,58.0,,52.096,50.403,57.554,SOFT,5.0,4.0,1,True,False,8.0,2023,Australia
OCO,1.0,122.304,,18.778,65.009,SOFT,1.0,1.0,124,False,True,15.0,2023,Australia
OCO,2.0,126.286,43.67,30.604,52.012,HARD,1.0,2.0,4,True,False,15.0,2023,Australia
OCO,3.0,123.289,48.064,27.896,47.329,HARD,2.0,2.0,41,False,False,15.0,2023,Australia
OCO,4.0,85.603,30.011,18.581,37.011,HARD,3.0,2.0,1,False,False,15.0,2023,Australia
OCO,5.0,84.974,29.636,18.491,36.847,HARD,4.0,2.0,1,False,False,15.0,2023,Australia
OCO,6.0,83.963,29.473,18.207,36.283,HARD,5.0,2.0,1,False,False,15.0,2023,Australia
OCO,7.0,101.541,29.24,26.638,45.663,HARD,6.0,2.0,124,False,False,13.0,2023,Australia
OCO,8.0,,45.093,43.768,,HARD,7.0,2.0,451,False,True,13.0,2023,Australia
OCO,9.0,,41.172,47.722,96.079,HARD,8.0,3.0,1,True,False,13.0,2023,Australia
OCO,10.0,92.567,35.334,18.821,38.412,HARD,9.0,3.0,1,False,False,13.0,2023,Australia
OCO,11.0,85.266,29.859,18.828,36.579,HARD,10.0,3.0,1,False,False,13.0,2023,Australia
OCO,12.0,83.841,29.511,18.036,36.294,HARD,11.0,3.0,1,False,False,13.0,2023,Australia
OCO,13.0,83.486,29.154,18.127,36.205,HARD,12.0,3.0,1,False,False,13.0,2023,Australia
OCO,14.0,83.49,29.103,18.091,36.296,HARD,13.0,3.0,1,False,False,13.0,2023,Australia
OCO,15.0,84.884,29.724,18.149,37.011,HARD,14.0,3.0,1,False,False,13.0,2023,Australia
OCO,16.0,83.447,29.733,18.098,35.616,HARD,15.0,3.0,1,False,False,12.0,2023,Australia
OCO,17.0,83.008,28.956,18.071,35.981,HARD,16.0,3.0,1,False,False,11.0,2023,Australia
OCO,18.0,107.904,33.964,25.056,48.884,HARD,17.0,3.0,16,False,False,11.0,2023,Australia
OCO,19.0,97.286,39.164,21.823,36.299,HARD,18.0,3.0,671,False,False,11.0,2023,Australia
OCO,20.0,82.77,29.006,18.056,35.708,HARD,19.0,3.0,1,False,False,11.0,2023,Australia
OCO,21.0,84.341,29.045,18.003,37.293,HARD,20.0,3.0,1,False,False,12.0,2023,Australia
OCO,22.0,83.518,29.304,18.095,36.119,HARD,21.0,3.0,1,False,False,12.0,2023,Australia
OCO,23.0,83.585,28.925,17.901,36.759,HARD,22.0,3.0,1,False,False,12.0,2023,Australia
OCO,24.0,83.404,28.741,18.04,36.623,HARD,23.0,3.0,1,False,False,12.0,2023,Australia
OCO,25.0,83.632,28.95,18.045,36.637,HARD,24.0,3.0,1,False,False,12.0,2023,Australia
OCO,26.0,82.913,28.973,17.873,36.067,HARD,25.0,3.0,1,False,False,11.0,2023,Australia
OCO,27.0,82.047,29.003,17.949,35.095,HARD,26.0,3.0,1,False,False,10.0,2023,Australia
OCO,28.0,82.256,28.698,18.37,35.188,HARD,27.0,3.0,1,False,False,10.0,2023,Australia
OCO,29.0,82.138,28.648,18.388,35.102,HARD,28.0,3.0,1,False,False,10.0,2023,Australia
OCO,30.0,81.998,28.669,18.331,34.998,HARD,29.0,3.0,1,False,False,10.0,2023,Australia
OCO,31.0,82.027,28.534,18.358,35.135,HARD,30.0,3.0,1,False,False,10.0,2023,Australia
OCO,32.0,82.041,28.537,18.289,35.215,HARD,31.0,3.0,1,False,False,10.0,2023,Australia
OCO,33.0,82.088,28.758,18.342,34.988,HARD,32.0,3.0,1,False,False,10.0,2023,Australia
OCO,34.0,81.788,28.56,18.256,34.972,HARD,33.0,3.0,1,False,False,10.0,2023,Australia
OCO,35.0,82.071,28.613,18.293,35.165,HARD,34.0,3.0,1,False,False,10.0,2023,Australia
OCO,36.0,82.772,28.673000000000002,18.281,35.818,HARD,35.0,3.0,1,False,False,10.0,2023,Australia
OCO,37.0,81.954,28.59,18.319,35.045,HARD,36.0,3.0,1,False,False,10.0,2023,Australia
OCO,38.0,81.869,28.659,18.344,34.866,HARD,37.0,3.0,1,False,False,10.0,2023,Australia
OCO,39.0,81.75,28.52,18.251,34.979,HARD,38.0,3.0,1,False,False,10.0,2023,Australia
OCO,40.0,81.902,28.559,18.305,35.038,HARD,39.0,3.0,1,False,False,10.0,2023,Australia
OCO,41.0,81.675,28.499,18.26,34.916,HARD,40.0,3.0,1,False,False,10.0,2023,Australia
OCO,42.0,81.539,28.516,18.286,34.737,HARD,41.0,3.0,1,False,False,10.0,2023,Australia
OCO,43.0,81.273,28.386,18.131,34.756,HARD,42.0,3.0,1,False,False,10.0,2023,Australia
OCO,44.0,81.203,28.358,18.217,34.628,HARD,43.0,3.0,1,False,False,10.0,2023,Australia
OCO,45.0,81.476,28.462,18.274,34.74,HARD,44.0,3.0,1,False,False,10.0,2023,Australia
OCO,46.0,81.508,28.293,18.168,35.047,HARD,45.0,3.0,1,False,False,10.0,2023,Australia
OCO,47.0,81.382,28.39,18.157,34.835,HARD,46.0,3.0,1,False,False,10.0,2023,Australia
OCO,48.0,81.47,28.371,18.194,34.905,HARD,47.0,3.0,1,False,False,10.0,2023,Australia
OCO,49.0,81.668,28.485,18.191,34.992,HARD,48.0,3.0,1,False,False,10.0,2023,Australia
OCO,50.0,81.204,28.306,18.111,34.787,HARD,49.0,3.0,1,False,False,10.0,2023,Australia
OCO,51.0,81.452,28.392,18.185,34.875,HARD,50.0,3.0,1,False,False,10.0,2023,Australia
OCO,52.0,81.436,28.646,18.018,34.772,HARD,51.0,3.0,1,False,False,10.0,2023,Australia
OCO,53.0,81.338,28.418,18.076,34.844,HARD,52.0,3.0,12,False,False,10.0,2023,Australia
OCO,54.0,106.329,35.272,25.447,45.61,HARD,53.0,3.0,14,False,False,10.0,2023,Australia
OCO,55.0,,40.018,25.314,,HARD,54.0,3.0,451,False,True,10.0,2023,Australia
OCO,56.0,,54.346,45.097,,SOFT,1.0,4.0,1,True,False,10.0,2023,Australia
OCO,57.0,,,,,SOFT,2.0,4.0,12,False,False,,2023,Australia
NOR,1.0,116.566,,19.112,58.183,MEDIUM,1.0,1.0,124,False,False,11.0,2023,Australia
NOR,2.0,127.813,44.951,31.491,51.371,MEDIUM,2.0,1.0,4,False,False,11.0,2023,Australia
NOR,3.0,124.797,47.448,29.013,48.336,MEDIUM,3.0,1.0,41,False,False,11.0,2023,Australia
NOR,4.0,85.444,29.98,18.704,36.76,MEDIUM,4.0,1.0,1,False,False,11.0,2023,Australia
NOR,5.0,84.732,29.49,18.751,36.491,MEDIUM,5.0,1.0,1,False,False,11.0,2023,Australia
NOR,6.0,83.858,29.139,18.374,36.345,MEDIUM,6.0,1.0,1,False,False,11.0,2023,Australia
NOR,7.0,102.393,29.226,20.817,52.35,MEDIUM,7.0,1.0,124,False,False,10.0,2023,Australia
NOR,8.0,,43.368,44.336,,MEDIUM,8.0,1.0,451,False,True,9.0,2023,Australia
NOR,9.0,,41.723,54.404,,HARD,1.0,2.0,1,True,False,9.0,2023,Australia
NOR,10.0,90.926,34.757,18.999,37.17,HARD,2.0,2.0,1,False,False,9.0,2023,Australia
NOR,11.0,85.817,30.68,18.69,36.447,HARD,3.0,2.0,1,False,False,10.0,2023,Australia
NOR,12.0,83.775,29.319,18.354,36.102,HARD,4.0,2.0,1,False,False,10.0,2023,Australia
NOR,13.0,83.54,29.079,18.271,36.19,HARD,5.0,2.0,1,False,False,10.0,2023,Australia
NOR,14.0,83.307,29.102,18.12,36.085,HARD,6.0,2.0,1,False,False,9.0,2023,Australia
NOR,15.0,83.568,29.122,18.563,35.883,HARD,7.0,2.0,1,False,False,9.0,2023,Australia
NOR,16.0,83.111,29.019,18.485,35.607,HARD,8.0,2.0,1,False,False,9.0,2023,Australia
NOR,17.0,82.986,28.841,18.512,35.633,HARD,9.0,2.0,1,False,False,8.0,2023,Australia
NOR,18.0,105.957,28.932,27.675,49.35,HARD,10.0,2.0,16,False,False,8.0,2023,Australia
NOR,19.0,98.45,38.503,24.259,35.688,HARD,11.0,2.0,671,False,False,8.0,2023,Australia
NOR,20.0,82.741,28.775,18.508,35.458,HARD,12.0,2.0,1,False,False,8.0,2023,Australia
NOR,21.0,82.828,28.836,18.537,35.455,HARD,13.0,2.0,1,False,False,8.0,2023,Australia
NOR,22.0,82.532,28.671,18.5,35.361,HARD,14.0,2.0,1,False,False,8.0,2023,Australia
NOR,23.0,82.65,28.778,18.567,35.305,HARD,15.0,2.0,1,False,False,8.0,2023,Australia
NOR,24.0,82.536,28.819,18.366,35.351,HARD,16.0,2.0,1,False,False,8.0,2023,Australia
NOR,25.0,82.56,28.687,18.476,35.397,HARD,17.0,2.0,1,False,False,8.0,2023,Australia
NOR,26.0,82.458,28.708,18.375,35.375,HARD,18.0,2.0,1,False,False,8.0,2023,Australia
NOR,27.0,82.415,28.68,18.434,35.301,HARD,19.0,2.0,1,False,False,8.0,2023,Australia
NOR,28.0,82.426,28.695,18.414,35.317,HARD,20.0,2.0,1,False,False,8.0,2023,Australia
NOR,29.0,82.234,28.718,18.468,35.048,HARD,21.0,2.0,1,False,False,8.0,2023,Australia
NOR,30.0,82.228,28.623,18.386,35.219,HARD,22.0,2.0,1,False,False,8.0,2023,Australia
NOR,31.0,82.339,28.675,18.416,35.248,HARD,23.0,2.0,1,False,False,8.0,2023,Australia
NOR,32.0,82.16,28.623,18.469,35.068,HARD,24.0,2.0,1,False,False,8.0,2023,Australia
NOR,33.0,82.28,28.696,18.415,35.169,HARD,25.0,2.0,1,False,False,8.0,2023,Australia
NOR,34.0,82.294,28.681,18.424,35.189,HARD,26.0,2.0,1,False,False,8.0,2023,Australia
NOR,35.0,82.147,28.598,18.425,35.124,HARD,27.0,2.0,1,False,False,8.0,2023,Australia
NOR,36.0,82.09,28.491,18.364,35.235,HARD,28.0,2.0,1,False,False,8.0,2023,Australia
NOR,37.0,82.155,28.582,18.46,35.113,HARD,29.0,2.0,1,False,False,8.0,2023,Australia
NOR,38.0,81.856,28.532,18.353,34.971,HARD,30.0,2.0,1,False,False,8.0,2023,Australia
NOR,39.0,81.657,28.509,18.337,34.811,HARD,31.0,2.0,1,False,False,8.0,2023,Australia
NOR,40.0,81.643,28.472,18.301,34.87,HARD,32.0,2.0,1,False,False,8.0,2023,Australia
NOR,41.0,81.674,28.435,18.362,34.877,HARD,33.0,2.0,1,False,False,8.0,2023,Australia
NOR,42.0,81.496,28.387,18.326,34.783,HARD,34.0,2.0,1,False,False,8.0,2023,Australia
NOR,43.0,82.219,28.381,18.314,35.524,HARD,35.0,2.0,1,False,False,9.0,2023,Australia
NOR,44.0,81.272,28.319,17.92,35.033,HARD,36.0,2.0,1,False,False,9.0,2023,Australia
NOR,45.0,81.518,28.568,18.093,34.857,HARD,37.0,2.0,1,False,False,9.0,2023,Australia
NOR,46.0,81.173,28.478,17.949,34.746,HARD,38.0,2.0,1,False,False,9.0,2023,Australia
NOR,47.0,81.482,28.304,17.969,35.209,HARD,39.0,2.0,1,False,False,9.0,2023,Australia
NOR,48.0,81.784,28.574,17.932,35.278,HARD,40.0,2.0,1,False,False,9.0,2023,Australia
NOR,49.0,82.341,28.788,17.924,35.629,HARD,41.0,2.0,1,False,False,9.0,2023,Australia
NOR,50.0,81.714,28.322,17.945,35.447,HARD,42.0,2.0,1,False,False,9.0,2023,Australia
NOR,51.0,82.032,28.462,17.975,35.595,HARD,43.0,2.0,1,False,False,8.0,2023,Australia
NOR,52.0,81.352,28.511,18.31,34.531,HARD,44.0,2.0,1,False,False,8.0,2023,Australia
NOR,53.0,81.259,28.346,18.308,34.605,HARD,45.0,2.0,12,False,False,8.0,2023,Australia
NOR,54.0,104.622,28.99,27.976,47.656,HARD,46.0,2.0,14,False,False,8.0,2023,Australia
NOR,55.0,,39.352,25.311,,HARD,47.0,2.0,451,False,True,8.0,2023,Australia
NOR,56.0,,53.189,50.231,,SOFT,1.0,3.0,1,True,False,8.0,2023,Australia
NOR,57.0,,48.113,30.548000000000002,,SOFT,2.0,3.0,125,False,True,7.0,2023,Australia
NOR,58.0,,53.703,50.182,57.116,SOFT,5.0,4.0,1,True,False,7.0,2023,Australia
HAM,1.0,100.229,,18.733,45.558,MEDIUM,1.0,1.0,124,False,False,2.0,2023,Australia
HAM,2.0,132.287,48.71,31.804,51.773,MEDIUM,2.0,1.0,4,False,False,2.0,2023,Australia
HAM,3.0,131.362,47.074,29.262,55.026,MEDIUM,3.0,1.0,41,False,False,2.0,2023,Australia
HAM,4.0,83.295,28.776,18.722,35.797,MEDIUM,4.0,1.0,1,False,False,2.0,2023,Australia
HAM,5.0,83.17,28.837,18.471,35.862,MEDIUM,5.0,1.0,1,False,False,2.0,2023,Australia
HAM,6.0,82.89,28.755,18.248,35.887,MEDIUM,6.0,1.0,1,False,False,2.0,2023,Australia
HAM,7.0,94.144,28.603,18.313,47.228,MEDIUM,7.0,1.0,124,False,False,1.0,2023,Australia
HAM,8.0,,49.426,45.424,77.48,MEDIUM,8.0,1.0,45,False,True,1.0,2023,Australia
HAM,9.0,,,52.89,78.814,HARD,1.0,2.0,1,True,False,1.0,2023,Australia
HAM,10.0,123.62,69.31,18.767,35.543,HARD,2.0,2.0,1,False,False,1.0,2023,Australia
HAM,11.0,83.79,29.102,18.759,35.929,HARD,3.0,2.0,1,False,False,1.0,2023,Australia
HAM,12.0,84.616,29.016,18.689,36.911,HARD,4.0,2.0,1,False,False,2.0,2023,Australia
HAM,13.0,83.771,29.39,18.682,35.699,HARD,5.0,2.0,1,False,False,2.0,2023,Australia
HAM,14.0,83.618,28.927,18.628,36.063,HARD,6.0,2.0,1,False,False,2.0,2023,Australia
HAM,15.0,82.998,28.731,18.574,35.693,HARD,7.0,2.0,1,False,False,2.0,2023,Australia
HAM,16.0,82.934,28.776,18.546,35.612,HARD,8.0,2.0,1,False,False,2.0,2023,Australia
HAM,17.0,82.121,28.519,18.429,35.173,HARD,9.0,2.0,1,False,False,2.0,2023,Australia
HAM,18.0,100.488,28.576999999999998,25.475,46.436,HARD,10.0,2.0,16,False,False,2.0,2023,Australia
HAM,19.0,103.041,40.528,25.879,36.634,HARD,11.0,2.0,671,False,False,2.0,2023,Australia
HAM,20.0,82.12,28.518,18.435,35.167,HARD,12.0,2.0,1,False,False,2.0,2023,Australia
HAM,21.0,82.704,28.526,18.538,35.64,HARD,13.0,2.0,1,False,False,2.0,2023,Australia
HAM,22.0,82.72,28.593,18.475,35.652,HARD,14.0,2.0,1,False,False,2.0,2023,Australia
HAM,23.0,82.971,28.623,18.613,35.735,HARD,15.0,2.0,1,False,False,2.0,2023,Australia
HAM,24.0,83.174,28.798000000000002,18.581,35.795,HARD,16.0,2.0,1,False,False,2.0,2023,Australia
HAM,25.0,82.456,28.641,18.43,35.385,HARD,17.0,2.0,1,False,False,2.0,2023,Australia
HAM,26.0,82.595,28.586,18.523,35.486,HARD,18.0,2.0,1,False,False,2.0,2023,Australia
HAM,27.0,82.131,28.433,18.438,35.26,HARD,19.0,2.0,1,False,False,2.0,2023,Australia
HAM,28.0,82.008,28.521,18.417,35.07,HARD,20.0,2.0,1,False,False,2.0,2023,Australia
HAM,29.0,82.715,28.61,18.554,35.551,HARD,21.0,2.0,1,False,False,2.0,2023,Australia
HAM,30.0,82.205,28.501,18.403,35.301,HARD,22.0,2.0,1,False,False,2.0,2023,Australia
HAM,31.0,82.22,28.586,18.437,35.197,HARD,23.0,2.0,1,False,False,2.0,2023,Australia
HAM,32.0,82.551,28.743,18.522,35.286,HARD,24.0,2.0,1,False,False,2.0,2023,Australia
HAM,33.0,81.654,28.259,18.355,35.04,HARD,25.0,2.0,1,False,False,2.0,2023,Australia
HAM,34.0,81.973,28.498,18.502,34.973,HARD,26.0,2.0,1,False,False,2.0,2023,Australia
HAM,35.0,81.832,28.535,18.404,34.893,HARD,27.0,2.0,1,False,False,2.0,2023,Australia
HAM,36.0,82.08,28.297,18.43,35.353,HARD,28.0,2.0,1,False,False,2.0,2023,Australia
HAM,37.0,81.4,28.293,18.389,34.718,HARD,29.0,2.0,1,False,False,2.0,2023,Australia
HAM,38.0,81.693,28.366,18.406,34.921,HARD,30.0,2.0,1,False,False,2.0,2023,Australia
HAM,39.0,81.315,28.194,18.308,34.813,HARD,31.0,2.0,1,False,False,2.0,2023,Australia
HAM,40.0,81.563,28.238,18.414,34.911,HARD,32.0,2.0,1,False,False,2.0,2023,Australia
HAM,41.0,81.267,28.278,18.289,34.7,HARD,33.0,2.0,1,False,False,2.0,2023,Australia
HAM,42.0,81.379,28.292,18.353,34.734,HARD,34.0,2.0,1,False,False,2.0,2023,Australia
HAM,43.0,81.073,28.251,18.256,34.566,HARD,35.0,2.0,1,False,False,2.0,2023,Australia
HAM,44.0,80.981,28.254,18.108,34.619,HARD,36.0,2.0,1,False,False,2.0,2023,Australia
HAM,45.0,81.422,28.531,18.17,34.721,HARD,37.0,2.0,1,False,False,2.0,2023,Australia
HAM,46.0,81.029,28.28,18.112,34.637,HARD,38.0,2.0,1,False,False,2.0,2023,Australia
HAM,47.0,80.816,28.194,18.05,34.572,HARD,39.0,2.0,1,False,False,2.0,2023,Australia
HAM,48.0,80.85,28.107,18.223,34.52,HARD,40.0,2.0,1,False,False,2.0,2023,Australia
HAM,49.0,80.613,27.911,18.141,34.561,HARD,41.0,2.0,1,False,False,2.0,2023,Australia
HAM,50.0,80.909,28.087,18.216,34.606,HARD,42.0,2.0,1,False,False,2.0,2023,Australia
HAM,51.0,80.682,27.958,18.175,34.549,HARD,43.0,2.0,1,False,False,2.0,2023,Australia
HAM,52.0,80.741,28.058,18.189,34.494,HARD,44.0,2.0,1,False,False,2.0,2023,Australia
HAM,53.0,80.652,28.01,18.172,34.47,HARD,45.0,2.0,12,False,False,2.0,2023,Australia
HAM,54.0,95.603,28.55,18.286,48.767,HARD,46.0,2.0,14,False,False,2.0,2023,Australia
HAM,55.0,,41.17,30.998,87.123,HARD,47.0,2.0,45,False,True,2.0,2023,Australia
HAM,56.0,,,47.686,,SOFT,5.0,3.0,1,True,False,2.0,2023,Australia
HAM,57.0,144.44,42.74,32.453,69.247,SOFT,6.0,3.0,125,False,True,2.0,2023,Australia
HAM,58.0,,,49.184,59.223,SOFT,5.0,4.0,1,True,False,2.0,2023,Australia
SAI,1.0,103.866,,18.701999999999998,48.235,MEDIUM,1.0,1.0,124,False,False,4.0,2023,Australia
SAI,2.0,131.411,47.207,31.797,52.407,MEDIUM,2.0,1.0,4,False,False,4.0,2023,Australia
SAI,3.0,129.958,46.167,29.035,54.756,MEDIUM,3.0,1.0,41,False,False,4.0,2023,Australia
SAI,4.0,83.889,29.248,18.62,36.021,MEDIUM,4.0,1.0,1,False,False,4.0,2023,Australia
SAI,5.0,83.217,28.969,18.453,35.795,MEDIUM,5.0,1.0,1,False,False,4.0,2023,Australia
SAI,6.0,82.809,28.859,18.435,35.515,MEDIUM,6.0,1.0,1,False,False,4.0,2023,Australia
SAI,7.0,108.202,28.792,18.423,60.987,MEDIUM,7.0,1.0,124,False,True,8.0,2023,Australia
SAI,8.0,,47.972,43.451,,HARD,1.0,2.0,451,True,True,11.0,2023,Australia
SAI,9.0,,41.326,51.052,98.311,HARD,2.0,3.0,1,True,False,11.0,2023,Australia
SAI,10.0,90.864,34.638,18.933,37.293,HARD,3.0,3.0,1,False,False,10.0,2023,Australia
SAI,11.0,84.433,29.859,18.526,36.048,HARD,4.0,3.0,1,False,False,9.0,2023,Australia
SAI,12.0,83.199,29.127,18.46,35.612,HARD,5.0,3.0,1,False,False,8.0,2023,Australia
SAI,13.0,82.862,28.938,18.342,35.582,HARD,6.0,3.0,1,False,False,8.0,2023,Australia
SAI,14.0,82.958,29.124,18.183,35.651,HARD,7.0,3.0,1,False,False,7.0,2023,Australia
SAI,15.0,82.587,28.778,18.255,35.554,HARD,8.0,3.0,1,False,False,6.0,2023,Australia
SAI,16.0,83.225,29.315,18.066,35.844,HARD,9.0,3.0,1,False,False,6.0,2023,Australia
SAI,17.0,82.945,28.798000000000002,18.104,36.043,HARD,10.0,3.0,1,False,False,5.0,2023,Australia
SAI,18.0,104.581,28.867,26.611,49.103,HARD,11.0,3.0,16,False,False,5.0,2023,Australia
SAI,19.0,99.533,38.886,24.958,35.689,HARD,12.0,3.0,671,False,False,5.0,2023,Australia
SAI,20.0,82.102,28.615,18.28,35.207,HARD,13.0,3.0,1,False,False,5.0,2023,Australia
SAI,21.0,82.15,28.514,18.241,35.395,HARD,14.0,3.0,1,False,False,5.0,2023,Australia
SAI,22.0,82.903,28.967,18.151,35.785,HARD,15.0,3.0,1,False,False,5.0,2023,Australia
SAI,23.0,82.523,28.798000000000002,18.214,35.511,HARD,16.0,3.0,1,False,False,5.0,2023,Australia
SAI,24.0,82.425,28.989,18.126,35.31,HARD,17.0,3.0,1,False,False,5.0,2023,Australia
SAI,25.0,82.994,29.198,18.446,35.35,HARD,18.0,3.0,1,False,False,4.0,2023,Australia
SAI,26.0,82.438,28.675,18.383,35.38,HARD,19.0,3.0,1,False,False,4.0,2023,Australia
SAI,27.0,82.099,28.609,18.304,35.186,HARD,20.0,3.0,1,False,False,4.0,2023,Australia
SAI,28.0,81.919,28.592,18.228,35.099,HARD,21.0,3.0,1,False,False,4.0,2023,Australia
SAI,29.0,82.412,28.618,18.334,35.46,HARD,22.0,3.0,1,False,False,4.0,2023,Australia
SAI,30.0,82.155,28.647,18.278,35.23,HARD,23.0,3.0,1,False,False,4.0,2023,Australia
SAI,31.0,81.854,28.575,18.288,34.991,HARD,24.0,3.0,1,False,False,4.0,2023,Australia
SAI,32.0,81.986,28.442,18.335,35.209,HARD,25.0,3.0,1,False,False,4.0,2023,Australia
SAI,33.0,81.77,28.508,18.266,34.996,HARD,26.0,3.0,1,False,False,4.0,2023,Australia
SAI,34.0,81.877,28.474,18.239,35.164,HARD,27.0,3.0,1,False,False,4.0,2023,Australia
SAI,35.0,81.692,28.409,18.27,35.013,HARD,28.0,3.0,1,False,False,4.0,2023,Australia
SAI,36.0,81.695,28.371,18.238,35.086,HARD,29.0,3.0,1,False,False,4.0,2023,Australia
SAI,37.0,81.659,28.398,18.244,35.017,HARD,30.0,3.0,1,False,False,4.0,2023,Australia
SAI,38.0,81.552,28.314,18.222,35.016,HARD,31.0,3.0,1,False,False,4.0,2023,Australia
SAI,39.0,81.852,28.488,18.269,35.095,HARD,32.0,3.0,1,False,False,4.0,2023,Australia
SAI,40.0,81.942,28.561,18.231,35.15,HARD,33.0,3.0,1,False,False,4.0,2023,Australia
SAI,41.0,81.412,28.304,18.201,34.907,HARD,34.0,3.0,1,False,False,4.0,2023,Australia
SAI,42.0,81.34,28.285,18.117,34.938,HARD,35.0,3.0,1,False,False,4.0,2023,Australia
SAI,43.0,81.074,28.18,18.112,34.782,HARD,36.0,3.0,1,False,False,4.0,2023,Australia
SAI,44.0,81.337,28.34,18.104,34.893,HARD,37.0,3.0,1,False,False,4.0,2023,Australia
SAI,45.0,81.303,28.212,18.2,34.891,HARD,38.0,3.0,1,False,False,4.0,2023,Australia
SAI,46.0,81.308,28.261,18.211,34.836,HARD,39.0,3.0,1,False,False,4.0,2023,Australia
SAI,47.0,81.033,28.153,18.112,34.768,HARD,40.0,3.0,1,False,False,4.0,2023,Australia
SAI,48.0,81.235,28.218,18.127,34.89,HARD,41.0,3.0,1,False,False,4.0,2023,Australia
SAI,49.0,81.102,28.189,18.175,34.738,HARD,42.0,3.0,1,False,False,4.0,2023,Australia
SAI,50.0,80.97,28.16,18.172,34.638,HARD,43.0,3.0,1,False,False,4.0,2023,Australia
SAI,51.0,80.826,28.125,18.111,34.59,HARD,44.0,3.0,1,False,False,4.0,2023,Australia
SAI,52.0,80.719,27.973,18.102,34.644,HARD,45.0,3.0,1,False,False,4.0,2023,Australia
SAI,53.0,80.467,27.985,18.061,34.421,HARD,46.0,3.0,12,False,False,4.0,2023,Australia
SAI,54.0,98.214,28.502,18.249,51.463,HARD,47.0,3.0,14,False,False,4.0,2023,Australia
SAI,55.0,,41.29,28.462,,HARD,48.0,3.0,451,False,True,4.0,2023,Australia
SAI,56.0,,63.058,48.703,,SOFT,5.0,4.0,1,True,False,4.0,2023,Australia
SAI,57.0,,44.202,30.937,,SOFT,6.0,4.0,125,False,True,4.0,2023,Australia
SAI,58.0,,59.062,49.471,58.483,SOFT,5.0,5.0,1,True,False,4.0,2023,Australia
RUS,1.0,97.854,,18.88,44.614,MEDIUM,1.0,1.0,124,False,False,1.0,2023,Australia
RUS,2.0,133.298,49.471,31.958,51.869,MEDIUM,2.0,1.0,4,False,False,1.0,2023,Australia
RUS,3.0,132.017,46.537,29.752,55.728,MEDIUM,3.0,1.0,41,False,False,1.0,2023,Australia
RUS,4.0,83.134,28.739,18.727,35.668,MEDIUM,4.0,1.0,1,False,False,1.0,2023,Australia
RUS,5.0,83.134,28.855,18.712,35.567,MEDIUM,5.0,1.0,1,False,False,1.0,2023,Australia
RUS,6.0,83.159,28.666,18.685,35.808,MEDIUM,6.0,1.0,1,False,False,1.0,2023,Australia
RUS,7.0,107.537,28.604,18.608,60.325,MEDIUM,7.0,1.0,124,False,True,7.0,2023,Australia
RUS,8.0,,46.829,44.031,,HARD,1.0,2.0,451,True,True,7.0,2023,Australia
RUS,9.0,,42.335,54.255,,HARD,2.0,3.0,1,True,False,6.0,2023,Australia
RUS,10.0,89.218,33.632,18.904,36.682,HARD,3.0,3.0,1,False,False,5.0,2023,Australia
RUS,11.0,84.617,29.386,19.158,36.073,HARD,4.0,3.0,1,False,False,5.0,2023,Australia
RUS,12.0,83.169,29.026,18.246,35.897,HARD,5.0,3.0,1,False,False,5.0,2023,Australia
RUS,13.0,83.705,29.03,18.207,36.468,HARD,6.0,3.0,1,False,False,4.0,2023,Australia
RUS,14.0,83.073,28.68,18.521,35.872,HARD,7.0,3.0,1,False,False,4.0,2023,Australia
RUS,15.0,83.079,28.823,18.486,35.77,HARD,8.0,3.0,1,False,False,4.0,2023,Australia
RUS,16.0,82.68,28.733,18.436,35.511,HARD,9.0,3.0,1,False,False,4.0,2023,Australia
RUS,17.0,94.488,28.79,18.41,47.288,HARD,10.0,3.0,1,False,False,14.0,2023,Australia
RUS,18.0,,,,,HARD,11.0,3.0,16724,False,False,,2023,Australia
BOT,1.0,137.156,,19.004,73.128,SOFT,1.0,1.0,124,True,True,19.0,2023,Australia
BOT,2.0,114.147,42.532,23.163,48.452,HARD,1.0,2.0,4,True,False,17.0,2023,Australia
BOT,3.0,122.845,47.615,27.79,47.44,HARD,2.0,2.0,41,False,False,17.0,2023,Australia
BOT,4.0,86.356,30.183,18.837,37.336,HARD,3.0,2.0,1,False,False,18.0,2023,Australia
BOT,5.0,84.849,29.655,18.663,36.531,HARD,4.0,2.0,1,False,False,18.0,2023,Australia
BOT,6.0,84.331,29.379,18.546,36.406,HARD,5.0,2.0,1,False,False,18.0,2023,Australia
BOT,7.0,103.169,29.335,26.676,47.158,HARD,6.0,2.0,124,False,False,16.0,2023,Australia
BOT,8.0,,43.659,43.768,,HARD,7.0,2.0,451,False,True,16.0,2023,Australia
BOT,9.0,,41.347,43.658,91.527,HARD,8.0,3.0,1,True,False,17.0,2023,Australia
BOT,10.0,94.202,36.842,19.473,37.887,HARD,9.0,3.0,1,False,False,18.0,2023,Australia
BOT,11.0,85.889,30.299,18.733,36.857,HARD,10.0,3.0,1,False,False,18.0,2023,Australia
BOT,12.0,84.397,29.851,18.513,36.033,HARD,11.0,3.0,1,False,False,18.0,2023,Australia
BOT,13.0,83.394,29.16,18.304,35.93,HARD,12.0,3.0,1,False,False,18.0,2023,Australia
BOT,14.0,83.598,29.381,18.318,35.899,HARD,13.0,3.0,1,False,False,18.0,2023,Australia
BOT,15.0,83.939,29.346,18.323,36.27,HARD,14.0,3.0,1,False,False,18.0,2023,Australia
BOT,16.0,84.456,29.485,18.204,36.767,HARD,15.0,3.0,1,False,False,18.0,2023,Australia
BOT,17.0,84.103,29.476,18.192,36.435,HARD,16.0,3.0,1,False,False,18.0,2023,Australia
BOT,18.0,109.902,36.181,24.972,48.749,HARD,17.0,3.0,16,False,False,16.0,2023,Australia
BOT,19.0,96.697,39.232,20.99,36.475,HARD,18.0,3.0,671,False,False,16.0,2023,Australia
BOT,20.0,85.798,29.247,18.45,38.101,HARD,19.0,3.0,1,False,False,17.0,2023,Australia
BOT,21.0,84.504,29.468,18.653,36.383,HARD,20.0,3.0,1,False,False,17.0,2023,Australia
BOT,22.0,83.753,29.206,18.567,35.98,HARD,21.0,3.0,1,False,False,17.0,2023,Australia
BOT,23.0,83.485,29.165,18.246,36.074,HARD,22.0,3.0,1,False,False,17.0,2023,Australia
BOT,24.0,84.155,29.544,18.241,36.37,HARD,23.0,3.0,1,False,False,17.0,2023,Australia
BOT,25.0,84.481,29.653,18.243,36.585,HARD,24.0,3.0,1,False,False,17.0,2023,Australia
BOT,26.0,84.149,29.562,18.239,36.348,HARD,25.0,3.0,1,False,False,17.0,2023,Australia
BOT,27.0,84.528,30.107,18.682,35.739,HARD,26.0,3.0,1,False,False,16.0,2023,Australia
BOT,28.0,83.298,28.878,18.61,35.81,HARD,27.0,3.0,1,False,False,16.0,2023,Australia
BOT,29.0,83.014,28.881,18.536,35.597,HARD,28.0,3.0,1,False,False,16.0,2023,Australia
BOT,30.0,83.485,29.052,18.548000000000002,35.885,HARD,29.0,3.0,1,False,False,16.0,2023,Australia
BOT,31.0,83.366,29.092,18.559,35.715,HARD,30.0,3.0,1,False,False,16.0,2023,Australia
BOT,32.0,83.593,29.192,18.582,35.819,HARD,31.0,3.0,1,False,False,16.0,2023,Australia
BOT,33.0,83.716,29.337,18.347,36.032,HARD,32.0,3.0,1,False,False,16.0,2023,Australia
BOT,34.0,83.765,29.542,18.35,35.873,HARD,33.0,3.0,1,False,False,16.0,2023,Australia
BOT,35.0,83.049,28.92,18.607,35.522,HARD,34.0,3.0,1,False,False,15.0,2023,Australia
BOT,36.0,82.831,28.717,18.586,35.528,HARD,35.0,3.0,1,False,False,15.0,2023,Australia
BOT,37.0,83.02,28.748,18.71,35.562,HARD,36.0,3.0,1,False,False,15.0,2023,Australia
BOT,38.0,82.773,28.692,18.555,35.526,HARD,37.0,3.0,1,False,False,15.0,2023,Australia
BOT,39.0,83.019,28.606,18.727,35.686,HARD,38.0,3.0,1,False,False,15.0,2023,Australia
BOT,40.0,82.695,28.578,18.617,35.5,HARD,39.0,3.0,1,False,False,15.0,2023,Australia
BOT,41.0,83.085,28.719,18.726,35.64,HARD,40.0,3.0,1,False,False,15.0,2023,Australia
BOT,42.0,82.944,28.83,18.588,35.526,HARD,41.0,3.0,1,False,False,15.0,2023,Australia
BOT,43.0,82.563,28.587,18.595,35.381,HARD,42.0,3.0,1,False,False,15.0,2023,Australia
BOT,44.0,82.523,28.606,18.581,35.336,HARD,43.0,3.0,1,False,False,15.0,2023,Australia
BOT,45.0,82.391,28.611,18.483,35.297,HARD,44.0,3.0,1,False,False,15.0,2023,Australia
BOT,46.0,82.233,28.414,18.51,35.309,HARD,45.0,3.0,1,False,False,15.0,2023,Australia
BOT,47.0,82.37,28.455,18.58,35.335,HARD,46.0,3.0,1,False,False,15.0,2023,Australia
BOT,48.0,82.436,28.603,18.566,35.267,HARD,47.0,3.0,1,False,False,15.0,2023,Australia
BOT,49.0,82.473,28.584,18.693,35.196,HARD,48.0,3.0,1,False,False,15.0,2023,Australia
BOT,50.0,82.405,28.616,18.557,35.232,HARD,49.0,3.0,1,False,False,15.0,2023,Australia
BOT,51.0,82.473,28.44,18.571,35.462,HARD,50.0,3.0,1,False,False,15.0,2023,Australia
BOT,52.0,82.661,28.585,18.571,35.505,HARD,51.0,3.0,1,False,False,15.0,2023,Australia
BOT,53.0,110.643,30.054,18.872,61.717,HARD,52.0,3.0,124,False,True,14.0,2023,Australia
BOT,54.0,,41.621,30.576,,SOFT,1.0,4.0,45,True,True,14.0,2023,Australia
BOT,55.0,,,19.593,,SOFT,2.0,5.0,51,True,True,14.0,2023,Australia
BOT,56.0,,49.955,41.789,97.466,SOFT,3.0,6.0,1,True,False,13.0,2023,Australia
BOT,57.0,,50.384,31.658,,SOFT,4.0,6.0,125,False,True,12.0,2023,Australia
BOT,58.0,,48.39,50.379,56.046,SOFT,5.0,7.0,1,True,False,12.0,2023,Australia
PIA,1.0,118.915,,19.695,59.494,MEDIUM,1.0,1.0,124,False,False,13.0,2023,Australia
PIA,2.0,127.15,45.379,30.728,51.043,MEDIUM,2.0,1.0,4,False,False,13.0,2023,Australia
PIA,3.0,124.169,48.588,28.234,47.347,MEDIUM,3.0,1.0,41,False,False,13.0,2023,Australia
PIA,4.0,85.428,30.0,18.948,36.48,MEDIUM,4.0,1.0,1,False,False,13.0,2023,Australia
PIA,5.0,84.996,29.732,18.729,36.535,MEDIUM,5.0,1.0,1,False,False,13.0,2023,Australia
PIA,6.0,84.052,29.532,18.493,36.027,MEDIUM,6.0,1.0,1,False,False,13.0,2023,Australia
PIA,7.0,101.556,29.08,25.003,47.473,MEDIUM,7.0,1.0,124,False,False,11.0,2023,Australia
PIA,8.0,,43.941,43.737,,MEDIUM,8.0,1.0,451,False,True,10.0,2023,Australia
PIA,9.0,,42.594,52.419,99.729,HARD,1.0,2.0,1,True,False,10.0,2023,Australia
PIA,10.0,91.821,35.008,19.283,37.53,HARD,2.0,2.0,1,False,False,11.0,2023,Australia
PIA,11.0,85.221,29.787,18.968,36.466,HARD,3.0,2.0,1,False,False,11.0,2023,Australia
PIA,12.0,83.759,29.464,18.371,35.924,HARD,4.0,2.0,1,False,False,11.0,2023,Australia
PIA,13.0,83.496,28.937,18.449,36.11,HARD,5.0,2.0,1,False,False,11.0,2023,Australia
PIA,14.0,83.56,29.12,18.294,36.146,HARD,6.0,2.0,1,False,False,11.0,2023,Australia
PIA,15.0,85.236,30.147,18.353,36.736,HARD,7.0,2.0,1,False,False,11.0,2023,Australia
PIA,16.0,83.558,29.004,18.597,35.957,HARD,8.0,2.0,1,False,False,11.0,2023,Australia
PIA,17.0,83.229,29.004,18.294,35.931,HARD,9.0,2.0,1,False,False,10.0,2023,Australia
PIA,18.0,106.859,32.457,26.105,48.297,HARD,10.0,2.0,16,False,False,10.0,2023,Australia
PIA,19.0,98.081,39.843,22.275,35.963,HARD,11.0,2.0,671,False,False,10.0,2023,Australia
PIA,20.0,83.051,28.88,18.322,35.849,HARD,12.0,2.0,1,False,False,10.0,2023,Australia
PIA,21.0,83.996,28.906,18.251,36.839,HARD,13.0,2.0,1,False,False,10.0,2023,Australia
PIA,22.0,83.854,29.28,18.272,36.302,HARD,14.0,2.0,1,False,False,11.0,2023,Australia
PIA,23.0,83.2,28.951999999999998,18.298,35.95,HARD,15.0,2.0,1,False,False,11.0,2023,Australia
PIA,24.0,83.796,28.987,18.117,36.692,HARD,16.0,2.0,1,False,False,11.0,2023,Australia
PIA,25.0,83.478,28.945,18.383,36.15,HARD,17.0,2.0,1,False,False,11.0,2023,Australia
PIA,26.0,84.327,29.151,18.293,36.883,HARD,18.0,2.0,1,False,False,12.0,2023,Australia
PIA,27.0,82.995,28.839,18.263,35.893,HARD,19.0,2.0,1,False,False,12.0,2023,Australia
PIA,28.0,82.825,28.798000000000002,18.262,35.765,HARD,20.0,2.0,1,False,False,12.0,2023,Australia
PIA,29.0,82.635,29.1,18.25,35.285,HARD,21.0,2.0,1,False,False,11.0,2023,Australia
PIA,30.0,83.083,28.938,18.635,35.51,HARD,22.0,2.0,1,False,False,11.0,2023,Australia
PIA,31.0,82.662,28.791,18.574,35.297,HARD,23.0,2.0,1,False,False,11.0,2023,Australia
PIA,32.0,82.855,28.986,18.607,35.262,HARD,24.0,2.0,1,False,False,11.0,2023,Australia
PIA,33.0,82.431,28.839,18.564,35.028,HARD,25.0,2.0,1,False,False,11.0,2023,Australia
PIA,34.0,82.504,28.765,18.546,35.193,HARD,26.0,2.0,1,False,False,11.0,2023,Australia
PIA,35.0,82.471,28.735,18.608,35.128,HARD,27.0,2.0,1,False,False,11.0,2023,Australia
PIA,36.0,82.473,28.813,18.518,35.142,HARD,28.0,2.0,1,False,False,11.0,2023,Australia
PIA,37.0,82.346,28.634,18.554,35.158,HARD,29.0,2.0,1,False,False,11.0,2023,Australia
PIA,38.0,82.316,28.688,18.589,35.039,HARD,30.0,2.0,1,False,False,11.0,2023,Australia
PIA,39.0,82.512,28.81,18.685,35.017,HARD,31.0,2.0,1,False,False,11.0,2023,Australia
PIA,40.0,82.003,28.663,18.52,34.82,HARD,32.0,2.0,1,False,False,11.0,2023,Australia
PIA,41.0,81.931,28.517,18.498,34.916,HARD,33.0,2.0,1,False,False,11.0,2023,Australia
PIA,42.0,82.101,28.684,18.511,34.906,HARD,34.0,2.0,1,False,False,11.0,2023,Australia
PIA,43.0,82.218,28.634,18.496,35.088,HARD,35.0,2.0,1,False,False,11.0,2023,Australia
PIA,44.0,81.697,28.597,18.401,34.699,HARD,36.0,2.0,1,False,False,11.0,2023,Australia
PIA,45.0,81.707,28.444,18.486,34.777,HARD,37.0,2.0,1,False,False,11.0,2023,Australia
PIA,46.0,81.652,28.488,18.449,34.715,HARD,38.0,2.0,1,False,False,11.0,2023,Australia
PIA,47.0,81.669,28.518,18.397,34.754,HARD,39.0,2.0,1,False,False,11.0,2023,Australia
PIA,48.0,81.686,28.552,18.496,34.638,HARD,40.0,2.0,1,False,False,11.0,2023,Australia
PIA,49.0,81.525,28.394,18.467,34.664,HARD,41.0,2.0,1,False,False,11.0,2023,Australia
PIA,50.0,81.752,28.522,18.478,34.752,HARD,42.0,2.0,1,False,False,11.0,2023,Australia
PIA,51.0,81.737,28.411,18.485,34.841,HARD,43.0,2.0,1,False,False,11.0,2023,Australia
PIA,52.0,81.683,28.576999999999998,18.388,34.718,HARD,44.0,2.0,1,False,False,11.0,2023,Australia
PIA,53.0,81.335,28.297,18.364,34.674,HARD,45.0,2.0,12,False,False,11.0,2023,Australia
PIA,54.0,122.932,35.818,26.293,60.821,HARD,46.0,2.0,14,False,True,11.0,2023,Australia
PIA,55.0,,43.006,27.169,,SOFT,1.0,3.0,451,True,True,11.0,2023,Australia
PIA,56.0,,53.423,44.425,,SOFT,1.0,4.0,1,True,False,11.0,2023,Australia
PIA,57.0,,48.869,31.272,,SOFT,2.0,4.0,125,False,True,9.0,2023,Australia
PIA,58.0,,50.827,50.176,57.123,SOFT,1.0,5.0,1,True,False,9.0,2023,Australia
